target_pressure,bin_index,speed_left,speed_right,speed_center,observed_density,maxwell_density,mean_temperature,sample_count,sample_start_time_lj
0.1,0,0.0,0.2,0.1,0.002702702702702703,0.0028156207265150105,1.9991857754863702,18500,50.0
0.1,1,0.2,0.4,0.30000000000000004,0.02702702702702703,0.0248386069807655,1.9991857754863702,18500,50.0
0.1,2,0.4,0.6000000000000001,0.5,0.07189189189189187,0.06628967358682304,1.9991857754863702,18500,50.0
0.1,3,0.6000000000000001,0.8,0.7000000000000001,0.11513513513513517,0.12235836644356046,1.9991857754863702,18500,50.0
0.1,4,0.8,1.0,0.9,0.19729729729729734,0.1867088483988174,1.9991857754863702,18500,50.0
0.1,5,1.0,1.2000000000000002,1.1,0.256216216216216,0.25235860362361173,1.9991857754863702,18500,50.0
0.1,6,1.2000000000000002,1.4000000000000001,1.3000000000000003,0.3040540540540541,0.31259561868756675,1.9991857754863702,18500,50.0
0.1,7,1.4000000000000001,1.6,1.5,0.36972972972972984,0.36178679366022753,1.9991857754863702,18500,50.0
0.1,8,1.6,1.8,1.7000000000000002,0.37972972972972985,0.3959611862554652,1.9991857754863702,18500,50.0
0.1,9,1.8,2.0,1.9,0.4045945945945947,0.4131018414842816,1.9991857754863702,18500,50.0
0.1,10,2.0,2.2,2.1,0.4189189189189185,0.41313714729635276,1.9991857754863702,18500,50.0
0.1,11,2.2,2.4000000000000004,2.3000000000000003,0.41189189189189157,0.39767439556108874,1.9991857754863702,18500,50.0
0.1,12,2.4000000000000004,2.6,2.5,0.37270270270270317,0.36955480076767283,1.9991857754863702,18500,50.0
0.1,13,2.6,2.8000000000000003,2.7,0.32702702702702674,0.33232560623304513,1.9991857754863702,18500,50.0
0.1,14,2.8000000000000003,3.0,2.9000000000000004,0.28783783783783823,0.28972121124896955,1.9991857754863702,18500,50.0
0.1,15,3.0,3.2,3.1,0.24945945945945922,0.24522586545036154,1.9991857754863702,18500,50.0
0.1,16,3.2,3.4000000000000004,3.3000000000000003,0.20324324324324308,0.20176225940563774,1.9991857754863702,18500,50.0
0.1,17,3.4000000000000004,3.6,3.5,0.15675675675675696,0.1615205850482632,1.9991857754863702,18500,50.0
0.1,18,3.6,3.8000000000000003,3.7,0.12216216216216207,0.12591734231979926,1.9991857754863702,18500,50.0
0.1,19,3.8000000000000003,4.0,3.9000000000000004,0.09675675675675688,0.09565599589010446,1.9991857754863702,18500,50.0
0.1,20,4.0,4.2,4.1,0.07432432432432426,0.07085363777601605,1.9991857754863702,18500,50.0
0.1,21,4.2,4.4,4.300000000000001,0.04891891891891888,0.05119804515584574,1.9991857754863702,18500,50.0
0.1,22,4.4,4.6000000000000005,4.5,0.033243243243243216,0.036105560955776675,1.9991857754863702,18500,50.0
0.1,23,4.6000000000000005,4.800000000000001,4.700000000000001,0.02324324324324322,0.024859246416789417,1.9991857754863702,18500,50.0
0.1,24,4.800000000000001,5.0,4.9,0.014864864864864918,0.01671622278039467,1.9991857754863702,18500,50.0
0.1,25,5.0,5.2,5.1,0.014594594594594583,0.01098122176848657,1.9991857754863702,18500,50.0
0.1,26,5.2,5.4,5.300000000000001,0.007297297297297291,0.007049153080119997,1.9991857754863702,18500,50.0
0.1,27,5.4,5.6000000000000005,5.5,0.0035135135135135106,0.004422787229838666,1.9991857754863702,18500,50.0
0.1,28,5.6000000000000005,5.800000000000001,5.700000000000001,0.0016216216216216202,0.002712791508929992,1.9991857754863702,18500,50.0
0.1,29,5.800000000000001,6.0,5.9,0.0013513513513513562,0.0016269617406501386,1.9991857754863702,18500,50.0
0.1,30,6.0,6.2,6.1,0.00108108108108108,0.0009542236380056786,1.9991857754863702,18500,50.0
0.1,31,6.2,6.4,6.300000000000001,0.0,0.0005473931470302055,1.9991857754863702,18500,50.0
0.1,32,6.4,6.6000000000000005,6.5,0.00027027027027027,0.000307173184200245,1.9991857754863702,18500,50.0
0.1,33,6.6000000000000005,6.800000000000001,6.700000000000001,0.00027027027027027,0.00016863786445159984,1.9991857754863702,18500,50.0
0.1,34,6.800000000000001,7.0,6.9,0.00027027027027027125,9.058643006012117e-05,1.9991857754863702,18500,50.0
0.1,35,7.0,7.2,7.1,0.0,4.761586830753173e-05,1.9991857754863702,18500,50.0
0.1,36,7.2,7.4,7.300000000000001,0.0,2.4494092389005263e-05,1.9991857754863702,18500,50.0
0.1,37,7.4,7.6000000000000005,7.5,0.0,1.2331881742601125e-05,1.9991857754863702,18500,50.0
0.1,38,7.6000000000000005,7.800000000000001,7.700000000000001,0.0,6.077011258599894e-06,1.9991857754863702,18500,50.0
0.1,39,7.800000000000001,8.0,7.9,0.0,2.9314001921069268e-06,1.9991857754863702,18500,50.0
0.2,0,0.0,0.2,0.1,0.004864864864864865,0.0028069835878808064,2.003291541148551,18500,50.0
0.2,1,0.2,0.4,0.30000000000000004,0.027837837837837838,0.024763428045303987,2.003291541148551,18500,50.0
0.2,2,0.4,0.6000000000000001,0.5,0.07297297297297295,0.06609445526928519,2.003291541148551,18500,50.0
0.2,3,0.6000000000000001,0.8,0.7000000000000001,0.13135135135135137,0.12201303906386675,2.003291541148551,18500,50.0
0.2,4,0.8,1.0,0.9,0.1913513513513514,0.18621244856218222,2.003291541148551,18500,50.0
0.2,5,1.0,1.2000000000000002,1.1,0.24783783783783764,0.2517392717628437,2.003291541148551,18500,50.0
0.2,6,1.2000000000000002,1.4000000000000001,1.3000000000000003,0.30621621621621625,0.3119051868567803,2.003291541148551,18500,50.0
0.2,7,1.4000000000000001,1.6,1.5,0.35972972972972983,0.3610913487432351,2.003291541148551,18500,50.0
0.2,8,1.6,1.8,1.7000000000000002,0.384864864864865,0.3953297182579891,2.003291541148551,18500,50.0
0.2,9,1.8,2.0,1.9,0.4324324324324325,0.4125952831927684,2.003291541148551,18500,50.0
0.2,10,2.0,2.2,2.1,0.40270270270270236,0.4127997873660983,2.003291541148551,18500,50.0
0.2,11,2.2,2.4000000000000004,2.3000000000000003,0.3851351351351348,0.3975289374651712,2.003291541148551,18500,50.0
0.2,12,2.4000000000000004,2.6,2.5,0.36027027027027075,0.36960145776481956,2.003291541148551,18500,50.0
0.2,13,2.6,2.8000000000000003,2.7,0.34243243243243215,0.3325447918924476,2.003291541148551,18500,50.0
0.2,14,2.8000000000000003,3.0,2.9000000000000004,0.2856756756756761,0.2900787825510414,2.003291541148551,18500,50.0
0.2,15,3.0,3.2,3.1,0.24756756756756737,0.24567959287407962,2.003291541148551,18500,50.0
0.2,16,3.2,3.4000000000000004,3.3000000000000003,0.19972972972972955,0.2022682353350902,2.003291541148551,18500,50.0
0.2,17,3.4000000000000004,3.6,3.5,0.16270270270270293,0.16203856409414052,2.003291541148551,18500,50.0
0.2,18,3.6,3.8000000000000003,3.7,0.12756756756756746,0.12641442071033154,2.003291541148551,18500,50.0
0.2,19,3.8000000000000003,4.0,3.9000000000000004,0.0994594594594596,0.09610846479872742,2.003291541148551,18500,50.0
0.2,20,4.0,4.2,4.1,0.06513513513513508,0.07124719593423813,2.003291541148551,18500,50.0
0.2,21,4.2,4.4,4.300000000000001,0.04810810810810807,0.05152677878614034,2.003291541148551,18500,50.0
0.2,22,4.4,4.6000000000000005,4.5,0.035675675675675644,0.036370185027659555,2.003291541148551,18500,50.0
0.2,23,4.6000000000000005,4.800000000000001,4.700000000000001,0.028918918918918894,0.02506507344290567,2.003291541148551,18500,50.0
0.2,24,4.800000000000001,5.0,4.9,0.014594594594594647,0.0168712239452691,2.003291541148551,18500,50.0
0.2,25,5.0,5.2,5.1,0.0135135135135135,0.011094412996694222,2.003291541148551,18500,50.0
0.2,26,5.2,5.4,5.300000000000001,0.009189189189189182,0.007129410870749219,2.003291541148551,18500,50.0
0.2,27,5.4,5.6000000000000005,5.5,0.0054054054054054005,0.00447809800328298,2.003291541148551,18500,50.0
0.2,28,5.6000000000000005,5.800000000000001,5.700000000000001,0.00216216216216216,0.0027498728819485663,2.003291541148551,18500,50.0
0.2,29,5.800000000000001,6.0,5.9,0.00216216216216217,0.001651163212087218,2.003291541148551,18500,50.0
0.2,30,6.0,6.2,6.1,0.00108108108108108,0.0009696100457247527,2.003291541148551,18500,50.0
0.2,31,6.2,6.4,6.300000000000001,0.00027027027027027,0.0005569271278163243,2.003291541148551,18500,50.0
0.2,32,6.4,6.6000000000000005,6.5,0.0008108108108108101,0.00031293360741030044,2.003291541148551,18500,50.0
0.2,33,6.6000000000000005,6.800000000000001,6.700000000000001,0.00027027027027027,0.0001720329750760788,2.003291541148551,18500,50.0
0.2,34,6.800000000000001,7.0,6.9,0.0,9.253909738091277e-05,2.003291541148551,18500,50.0
0.2,35,7.0,7.2,7.1,0.0,4.871213223920595e-05,2.003291541148551,18500,50.0
0.2,36,7.2,7.4,7.300000000000001,0.0,2.5095041004736075e-05,2.003291541148551,18500,50.0
0.2,37,7.4,7.6000000000000005,7.5,0.0,1.2653621655108923e-05,2.003291541148551,18500,50.0
0.2,38,7.6000000000000005,7.800000000000001,7.700000000000001,0.0,6.245285244482855e-06,2.003291541148551,18500,50.0
0.2,39,7.800000000000001,8.0,7.9,0.0,3.0173931741566487e-06,2.003291541148551,18500,50.0
0.3,0,0.0,0.2,0.1,0.004324324324324324,0.002818330730900557,1.99790186637863,18500,50.0
0.3,1,0.2,0.4,0.30000000000000004,0.022972972972972974,0.024862194194964073,1.99790186637863,18500,50.0
0.3,2,0.4,0.6000000000000001,0.5,0.06567567567567566,0.0663509172464749,1.99790186637863,18500,50.0
0.3,3,0.6000000000000001,0.8,0.7000000000000001,0.12729729729729733,0.12246668675910831,1.99790186637863,18500,50.0
0.3,4,0.8,1.0,0.9,0.1870270270270271,0.18686452541044646,1.99790186637863,18500,50.0
0.3,5,1.0,1.2000000000000002,1.1,0.2624324324324322,0.2525527822117313,1.99790186637863,18500,50.0
0.3,6,1.2000000000000002,1.4000000000000001,1.3000000000000003,0.32000000000000006,0.3128120135544498,1.99790186637863,18500,50.0
0.3,7,1.4000000000000001,1.6,1.5,0.36486486486486497,0.36200465763134165,1.99790186637863,18500,50.0
0.3,8,1.6,1.8,1.7000000000000002,0.39621621621621633,0.39615887768765423,1.99790186637863,18500,50.0
0.3,9,1.8,2.0,1.9,0.4005405405405406,0.4132602653660411,1.99790186637863,18500,50.0
0.3,10,2.0,2.2,2.1,0.41081081081081045,0.41324244737775373,1.99790186637863,18500,50.0
0.3,11,2.2,2.4000000000000004,2.3000000000000003,0.39648648648648616,0.3977194987156756,1.99790186637863,18500,50.0
0.3,12,2.4000000000000004,2.6,2.5,0.36324324324324375,0.3695396926260993,1.99790186637863,18500,50.0
0.3,13,2.6,2.8000000000000003,2.7,0.324324324324324,0.33225647828004035,1.99790186637863,18500,50.0
0.3,14,2.8000000000000003,3.0,2.9000000000000004,0.2983783783783788,0.2896088085737243,1.99790186637863,18500,50.0
0.3,15,3.0,3.2,3.1,0.23864864864864846,0.24508345246194777,1.99790186637863,18500,50.0
0.3,16,3.2,3.4000000000000004,3.3000000000000003,0.20459459459459442,0.20160360840674652,1.99790186637863,18500,50.0
0.3,17,3.4000000000000004,3.6,3.5,0.15702702702702726,0.16135830314511967,1.99790186637863,18500,50.0
0.3,18,3.6,3.8000000000000003,3.7,0.12945945945945933,0.12576172174155173,1.99790186637863,18500,50.0
0.3,19,3.8000000000000003,4.0,3.9000000000000004,0.09054054054054066,0.09551443827817707,1.99790186637863,18500,50.0
0.3,20,4.0,4.2,4.1,0.06837837837837832,0.07073059306763127,1.99790186637863,18500,50.0
0.3,21,4.2,4.4,4.300000000000001,0.05270270270270265,0.05109533610940847,1.99790186637863,18500,50.0
0.3,22,4.4,4.6000000000000005,4.5,0.03891891891891888,0.036022937818502264,1.99790186637863,18500,50.0
0.3,23,4.6000000000000005,4.800000000000001,4.700000000000001,0.02621621621621619,0.02479502538029312,1.99790186637863,18500,50.0
0.3,24,4.800000000000001,5.0,4.9,0.01729729729729736,0.016667894023578406,1.99790186637863,18500,50.0
0.3,25,5.0,5.2,5.1,0.012432432432432422,0.010945954549185073,1.99790186637863,18500,50.0
0.3,26,5.2,5.4,5.300000000000001,0.007297297297297291,0.007024165474294669,1.99790186637863,18500,50.0
0.3,27,5.4,5.6000000000000005,5.5,0.00405405405405405,0.004405579768954231,1.99790186637863,18500,50.0
0.3,28,5.6000000000000005,5.800000000000001,5.700000000000001,0.0027027027027027003,0.002701264340531566,1.99790186637863,18500,50.0
0.3,29,5.800000000000001,6.0,5.9,0.0024324324324324414,0.0016194445046596676,1.99790186637863,18500,50.0
0.3,30,6.0,6.2,6.1,0.0008108108108108101,0.000949448424791892,1.99790186637863,18500,50.0
0.3,31,6.2,6.4,6.300000000000001,0.0013513513513513501,0.0005444367807323028,1.99790186637863,18500,50.0
0.3,32,6.4,6.6000000000000005,6.5,0.00027027027027027,0.0003053885223174792,1.99790186637863,18500,50.0
0.3,33,6.6000000000000005,6.800000000000001,6.700000000000001,0.0,0.00016758696279389176,1.99790186637863,18500,50.0
0.3,34,6.800000000000001,7.0,6.9,0.0,8.998257614725376e-05,1.99790186637863,18500,50.0
0.3,35,7.0,7.2,7.1,0.00027027027027027,4.727717780197258e-05,1.99790186637863,18500,50.0
0.3,36,7.2,7.4,7.300000000000001,0.0,2.430861190744784e-05,1.99790186637863,18500,50.0
0.3,37,7.4,7.6000000000000005,7.5,0.0,1.2232678142513982e-05,1.99790186637863,18500,50.0
0.3,38,7.6000000000000005,7.800000000000001,7.700000000000001,0.0,6.025180248510545e-06,1.99790186637863,18500,50.0
0.3,39,7.800000000000001,8.0,7.9,0.0,2.904941131298225e-06,1.99790186637863,18500,50.0
0.4,0,0.0,0.2,0.1,0.004864864864864865,0.0028201007512493052,1.9970644004277134,18500,50.0
0.4,1,0.2,0.4,0.30000000000000004,0.027297297297297296,0.02487759974371108,1.9970644004277134,18500,50.0
0.4,2,0.4,0.6000000000000001,0.5,0.06297297297297295,0.06639091594924536,1.9970644004277134,18500,50.0
0.4,3,0.6000000000000001,0.8,0.7000000000000001,0.1294594594594595,0.12253742762217514,1.9970644004277134,18500,50.0
0.4,4,0.8,1.0,0.9,0.18054054054054058,0.1869661856120708,1.9970644004277134,18500,50.0
0.4,5,1.0,1.2000000000000002,1.1,0.24837837837837817,0.25267957146889,1.9970644004277134,18500,50.0
0.4,6,1.2000000000000002,1.4000000000000001,1.3000000000000003,0.30918918918918925,0.3129532894829474,1.9970644004277134,18500,50.0
0.4,7,1.4000000000000001,1.6,1.5,0.3508108108108109,0.3621468663767848,1.9970644004277134,18500,50.0
0.4,8,1.6,1.8,1.7000000000000002,0.38297297297297306,0.39628788541343407,1.9970644004277134,18500,50.0
0.4,9,1.8,2.0,1.9,0.434864864864865,0.4133636063373448,1.9970644004277134,18500,50.0
0.4,10,2.0,2.2,2.1,0.411351351351351,0.41331108175734793,1.9970644004277134,18500,50.0
0.4,11,2.2,2.4000000000000004,2.3000000000000003,0.42648648648648607,0.3977488197151124,1.9970644004277134,18500,50.0
0.4,12,2.4000000000000004,2.6,2.5,0.35135135135135187,0.36952970438478866,1.9970644004277134,18500,50.0
0.4,13,2.6,2.8000000000000003,2.7,0.35270270270270243,0.33221123655145085,1.9970644004277134,18500,50.0
0.4,14,2.8000000000000003,3.0,2.9000000000000004,0.29486486486486524,0.2895353397275386,1.9970644004277134,18500,50.0
0.4,15,3.0,3.2,3.1,0.23297297297297279,0.24499042372429228,1.9970644004277134,18500,50.0
0.4,16,3.2,3.4000000000000004,3.3000000000000003,0.20351351351351335,0.2015000139342397,1.9970644004277134,18500,50.0
0.4,17,3.4000000000000004,3.6,3.5,0.16054054054054076,0.16125237190769764,1.9970644004277134,18500,50.0
0.4,18,3.6,3.8000000000000003,3.7,0.11756756756756746,0.12566016785014014,1.9970644004277134,18500,50.0
0.4,19,3.8000000000000003,4.0,3.9000000000000004,0.08810810810810824,0.09542208645718293,1.9970644004277134,18500,50.0
0.4,20,4.0,4.2,4.1,0.07189189189189182,0.07065034017691404,1.9970644004277134,18500,50.0
0.4,21,4.2,4.4,4.300000000000001,0.04945945945945942,0.05102836425333802,1.9970644004277134,18500,50.0
0.4,22,4.4,4.6000000000000005,4.5,0.035675675675675644,0.03596907735070533,1.9970644004277134,18500,50.0
0.4,23,4.6000000000000005,4.800000000000001,4.700000000000001,0.025135135135135114,0.02475317219598533,1.9970644004277134,18500,50.0
0.4,24,4.800000000000001,5.0,4.9,0.018648648648648715,0.016636406617257786,1.9970644004277134,18500,50.0
0.4,25,5.0,5.2,5.1,0.01027027027027026,0.010922983574683028,1.9970644004277134,18500,50.0
0.4,26,5.2,5.4,5.300000000000001,0.0054054054054054005,0.007007894770782361,1.9970644004277134,18500,50.0
0.4,27,5.4,5.6000000000000005,5.5,0.00486486486486486,0.004394378473033444,1.9970644004277134,18500,50.0
0.4,28,5.6000000000000005,5.800000000000001,5.700000000000001,0.0029729729729729704,0.0026937629798747214,1.9970644004277134,18500,50.0
0.4,29,5.800000000000001,6.0,5.9,0.0016216216216216274,0.0016145541819366815,1.9970644004277134,18500,50.0
0.4,30,6.0,6.2,6.1,0.0013513513513513501,0.0009463429363078214,1.9970644004277134,18500,50.0
0.4,31,6.2,6.4,6.300000000000001,0.0008108108108108101,0.0005425148000109559,1.9970644004277134,18500,50.0
0.4,32,6.4,6.6000000000000005,6.5,0.0008108108108108101,0.00030422868760198894,1.9970644004277134,18500,50.0
0.4,33,6.6000000000000005,6.800000000000001,6.700000000000001,0.0,0.000166904235457297,1.9970644004277134,18500,50.0
0.4,34,6.800000000000001,7.0,6.9,0.00027027027027027125,8.95904211044378e-05,1.9970644004277134,18500,50.0
0.4,35,7.0,7.2,7.1,0.0,4.705730816808139e-05,1.9970644004277134,18500,50.0
0.4,36,7.2,7.4,7.300000000000001,0.0,2.4188249092883028e-05,1.9970644004277134,18500,50.0
0.4,37,7.4,7.6000000000000005,7.5,0.0,1.2168328076938842e-05,1.9970644004277134,18500,50.0
0.4,38,7.6000000000000005,7.800000000000001,7.700000000000001,0.0,5.991572903488001e-06,1.9970644004277134,18500,50.0
0.4,39,7.800000000000001,8.0,7.9,0.0,2.887792185027552e-06,1.9970644004277134,18500,50.0
0.5,0,0.0,0.2,0.1,0.002702702702702703,0.002810190472966275,2.001764655861616,18500,50.0
0.5,1,0.2,0.4,0.30000000000000004,0.023243243243243242,0.024791341852419213,2.001764655861616,18500,50.0
0.5,2,0.4,0.6000000000000001,0.5,0.07108108108108106,0.06616694267739823,2.001764655861616,18500,50.0
0.5,3,0.6000000000000001,0.8,0.7000000000000001,0.11378378378378382,0.12214127287051303,2.001764655861616,18500,50.0
0.5,4,0.8,1.0,0.9,0.18216216216216222,0.18639679906715392,2.001764655861616,18500,50.0
0.5,5,1.0,1.2000000000000002,1.1,0.26189189189189166,0.2519693052812774,2.001764655861616,18500,50.0
0.5,6,1.2000000000000002,1.4000000000000001,1.3000000000000003,0.3064864864864865,0.3121616713461235,2.001764655861616,18500,50.0
0.5,7,1.4000000000000001,1.6,1.5,0.3902702702702704,0.361349753401022,2.001764655861616,18500,50.0
0.5,8,1.6,1.8,1.7000000000000002,0.39378378378378387,0.3955644250814049,2.001764655861616,18500,50.0
0.5,9,1.8,2.0,1.9,0.3956756756756758,0.41278365521482907,2.001764655861616,18500,50.0
0.5,10,2.0,2.2,2.1,0.42108108108108067,0.4129253580836986,2.001764655861616,18500,50.0
0.5,11,2.2,2.4000000000000004,2.3000000000000003,0.42324324324324286,0.39758324876877715,2.001764655861616,18500,50.0
0.5,12,2.4000000000000004,2.6,2.5,0.3689189189189194,0.3695844006847261,2.001764655861616,18500,50.0
0.5,13,2.6,2.8000000000000003,2.7,0.32621621621621594,0.332463612573858,2.001764655861616,18500,50.0
0.5,14,2.8000000000000003,3.0,2.9000000000000004,0.2659459459459463,0.28994613960622445,2.001764655861616,18500,50.0
0.5,15,3.0,3.2,3.1,0.23513513513513493,0.24551115750007618,2.001764655861616,18500,50.0
0.5,16,3.2,3.4000000000000004,3.3000000000000003,0.192162162162162,0.20208031234811538,2.001764655861616,18500,50.0
0.5,17,3.4000000000000004,3.6,3.5,0.16513513513513536,0.1618461077127851,2.001764655861616,18500,50.0
0.5,18,3.6,3.8000000000000003,3.7,0.12648648648648636,0.12622966573551606,2.001764655861616,18500,50.0
0.5,19,3.8000000000000003,4.0,3.9000000000000004,0.10108108108108121,0.09594023521089244,2.001764655861616,18500,50.0
0.5,20,4.0,4.2,4.1,0.07351351351351346,0.07110082278125482,2.001764655861616,18500,50.0
0.5,21,4.2,4.4,4.300000000000001,0.048378378378378335,0.051404476388443164,2.001764655861616,18500,50.0
0.5,22,4.4,4.6000000000000005,4.5,0.0351351351351351,0.036271702366868115,2.001764655861616,18500,50.0
0.5,23,4.6000000000000005,4.800000000000001,4.700000000000001,0.025675675675675653,0.024988447675102988,2.001764655861616,18500,50.0
0.5,24,4.800000000000001,5.0,4.9,0.018648648648648715,0.01681350045032327,2.001764655861616,18500,50.0
0.5,25,5.0,5.2,5.1,0.010810810810810801,0.01105224534777376,2.001764655861616,18500,50.0
0.5,26,5.2,5.4,5.300000000000001,0.009459459459459451,0.007099501525669091,2.001764655861616,18500,50.0
0.5,27,5.4,5.6000000000000005,5.5,0.00486486486486486,0.00445747808519079,2.001764655861616,18500,50.0
0.5,28,5.6000000000000005,5.800000000000001,5.700000000000001,0.00243243243243243,0.0027360437431370468,2.001764655861616,18500,50.0
0.5,29,5.800000000000001,6.0,5.9,0.0013513513513513562,0.0016421340383176734,2.001764655861616,18500,50.0
0.5,30,6.0,6.2,6.1,0.00108108108108108,0.0009638673567549129,2.001764655861616,18500,50.0
0.5,31,6.2,6.4,6.300000000000001,0.00108108108108108,0.0005533672986623938,2.001764655861616,18500,50.0
0.5,32,6.4,6.6000000000000005,6.5,0.00027027027027027,0.0003107818605355178,2.001764655861616,18500,50.0
0.5,33,6.6000000000000005,6.800000000000001,6.700000000000001,0.00054054054054054,0.0001707642200750013,2.001764655861616,18500,50.0
0.5,34,6.800000000000001,7.0,6.9,0.0,9.180906128482516e-05,2.001764655861616,18500,50.0
0.5,35,7.0,7.2,7.1,0.0,4.830208993170151e-05,2.001764655861616,18500,50.0
0.5,36,7.2,7.4,7.300000000000001,0.0,2.487015956671019e-05,2.001764655861616,18500,50.0
0.5,37,7.4,7.6000000000000005,7.5,0.0,1.2533165437415091e-05,2.001764655861616,18500,50.0
0.5,38,7.6000000000000005,7.800000000000001,7.700000000000001,0.00027027027027027,6.182254188658533e-06,2.001764655861616,18500,50.0
0.5,39,7.800000000000001,8.0,7.9,0.0,2.9851662210105807e-06,2.001764655861616,18500,50.0
