timestep,time_lj,mixing_index,type1_count,type2_count
0,0.0,0.0,259,241
250,1.25,0.15200000000000002,259,241
500,2.5,0.22399999999999998,259,241
750,3.75,0.28800000000000003,259,241
1000,5.0,0.372,259,241
1250,6.25,0.42800000000000005,259,241
1500,7.5,0.476,259,241
1750,8.75,0.52,259,241
2000,10.0,0.6,259,241
2250,11.25,0.624,259,241
2500,12.5,0.62,259,241
2750,13.75,0.648,259,241
3000,15.0,0.624,259,241
3250,16.25,0.644,259,241
3500,17.5,0.6599999999999999,259,241
3750,18.75,0.712,259,241
4000,20.0,0.72,259,241
4250,21.25,0.728,259,241
4500,22.5,0.744,259,241
4750,23.75,0.768,259,241
5000,25.0,0.756,259,241
5250,26.25,0.752,259,241
5500,27.5,0.784,259,241
5750,28.75,0.8,259,241
6000,30.0,0.832,259,241
6250,31.25,0.836,259,241
6500,32.5,0.8280000000000001,259,241
6750,33.75,0.868,259,241
7000,35.0,0.864,259,241
7250,36.25,0.804,259,241
7500,37.5,0.924,259,241
7750,38.75,0.876,259,241
8000,40.0,0.8280000000000001,259,241
8250,41.25,0.812,259,241
8500,42.5,0.78,259,241
8750,43.75,0.848,259,241
9000,45.0,0.796,259,241
9250,46.25,0.8200000000000001,259,241
9500,47.5,0.8160000000000001,259,241
9750,48.75,0.804,259,241
10000,50.0,0.8200000000000001,259,241
10250,51.25,0.848,259,241
10500,52.5,0.804,259,241
10750,53.75,0.904,259,241
11000,55.0,0.856,259,241
11250,56.25,0.876,259,241
11500,57.5,0.852,259,241
11750,58.75,0.832,259,241
12000,60.0,0.896,259,241
12250,61.25,0.86,259,241
12500,62.5,0.86,259,241
12750,63.75,0.836,259,241
13000,65.0,0.88,259,241
13250,66.25,0.836,259,241
13500,67.5,0.8,259,241
13750,68.75,0.872,259,241
14000,70.0,0.852,259,241
14250,71.25,0.8,259,241
14500,72.5,0.848,259,241
14750,73.75,0.872,259,241
15000,75.0,0.832,259,241
15250,76.25,0.864,259,241
15500,77.5,0.836,259,241
15750,78.75,0.872,259,241
16000,80.0,0.792,259,241
16250,81.25,0.86,259,241
16500,82.5,0.876,259,241
16750,83.75,0.872,259,241
17000,85.0,0.876,259,241
17250,86.25,0.876,259,241
17500,87.5,0.848,259,241
17750,88.75,0.832,259,241
18000,90.0,0.812,259,241
18250,91.25,0.86,259,241
18500,92.5,0.8240000000000001,259,241
18750,93.75,0.856,259,241
19000,95.0,0.88,259,241
19250,96.25,0.804,259,241
19500,97.5,0.884,259,241
19750,98.75,0.88,259,241
20000,100.0,0.884,259,241
