step,time,temp,pressure,density,volume
0,0,2,0.558976432253299,0.268049841737525,1865.32473497821
100,0.5,2.05059731595412,0.496790375889753,0.268049841737525,1865.32473497821
200,1,1.98959450965239,0.499669924037641,0.268049841737525,1865.32473497821
300,1.5,1.95275293771924,0.495391707859601,0.268049841737525,1865.32473497821
400,2,1.93685617608258,0.491744569167366,0.268049841737525,1865.32473497821
500,2.5,1.92188742354972,0.500603966216056,0.268049841737525,1865.32473497821
600,3,1.89499586973585,0.478692617288857,0.268049841737525,1865.32473497821
700,3.5,1.97985536726495,0.395263169914069,0.268049841737525,1865.32473497821
800,4,2.00703421493328,0.497905177905626,0.268049841737525,1865.32473497821
900,4.5,2.09669954499493,0.548146111310386,0.268049841737525,1865.32473497821
1000,5,2.09164509078749,0.488239142457933,0.268049841737525,1865.32473497821
1100,5.5,2.02610565860029,0.637637573024541,0.268049841737525,1865.32473497821
1200,6,1.93364986560209,0.54060878743494,0.268049841737525,1865.32473497821
1300,6.5,1.89123044762947,0.57379622027162,0.268049841737525,1865.32473497821
1400,7,1.87471245861821,0.499005884156995,0.268049841737525,1865.32473497821
1500,7.5,1.84085418203377,0.45744087363894,0.268049841737525,1865.32473497821
1600,8,1.93544687814186,0.468410930593906,0.268049841737525,1865.32473497821
1700,8.5,2.09722277694666,0.523339626615398,0.268049841737525,1865.32473497821
1800,9,2.11303423238882,0.618183950946132,0.268049841737525,1865.32473497821
1900,9.5,2.12233803364032,0.45232300168721,0.268049841737525,1865.32473497821
2000,10,2.03527456716956,0.539589333102347,0.268049841737525,1865.32473497821
2100,10.5,1.97157767730275,0.46668110794312,0.268049841737525,1865.32473497821
2200,11,1.91623693157832,0.427562250931867,0.268049841737525,1865.32473497821
2300,11.5,1.90589539186502,0.48070522736477,0.268049841737525,1865.32473497821
2400,12,1.96244004162588,0.515017746377423,0.268049841737525,1865.32473497821
2500,12.5,2.0599792665661,0.510162307015374,0.268049841737525,1865.32473497821
2600,13,2.04442917870717,0.573442559495196,0.268049841737525,1865.32473497821
2700,13.5,2.04467043226114,0.496828591597778,0.268049841737525,1865.32473497821
2800,14,2.07551775882006,0.494352442189552,0.268049841737525,1865.32473497821
2900,14.5,2.06595856247115,0.496873225096294,0.268049841737525,1865.32473497821
3000,15,2.04979505338478,0.506236367460328,0.268049841737525,1865.32473497821
3100,15.5,1.97042995780685,0.579904385199932,0.268049841737525,1865.32473497821
3200,16,2.00969453125034,0.458539892166459,0.268049841737525,1865.32473497821
3300,16.5,2.0060036233251,0.549278173519581,0.268049841737525,1865.32473497821
3400,17,1.99538439927089,0.521505661648335,0.268049841737525,1865.32473497821
3500,17.5,1.99268152453389,0.532360205672015,0.268049841737525,1865.32473497821
3600,18,1.99917892646689,0.527903524075842,0.268049841737525,1865.32473497821
3700,18.5,2.02246831018242,0.51016761640583,0.268049841737525,1865.32473497821
3800,19,2.00727606490607,0.567550812634968,0.268049841737525,1865.32473497821
3900,19.5,2.03127808437604,0.510592020434756,0.268049841737525,1865.32473497821
4000,20,2.05395098441514,0.561413461753929,0.268049841737525,1865.32473497821
4100,20.5,2.05143825889735,0.524940343355232,0.268049841737525,1865.32473497821
4200,21,2.0329987169827,0.487760903163504,0.268049841737525,1865.32473497821
4300,21.5,1.97817087182651,0.498372555787432,0.268049841737525,1865.32473497821
4400,22,1.95266088929519,0.388657163736587,0.268049841737525,1865.32473497821
4500,22.5,1.87153890303801,0.457793459608454,0.268049841737525,1865.32473497821
4600,23,1.94286430434524,0.491443143913569,0.268049841737525,1865.32473497821
4700,23.5,2.06514010214207,0.520737555413182,0.268049841737525,1865.32473497821
4800,24,2.06820896774193,0.538499308656884,0.268049841737525,1865.32473497821
4900,24.5,2.05457572241785,0.63151709052432,0.268049841737525,1865.32473497821
5000,25,2.07631422775826,0.462196049056993,0.268049841737525,1865.32473497821
5100,25.5,2.0916671300769,0.457813895757585,0.268049841737525,1865.32473497821
5200,26,2.03193782569184,0.492808192681169,0.268049841737525,1865.32473497821
5300,26.5,2.00956218889112,0.456839431228228,0.268049841737525,1865.32473497821
5400,27,1.94163130367493,0.51321447303447,0.268049841737525,1865.32473497821
5500,27.5,1.97274083056016,0.426669359061833,0.268049841737525,1865.32473497821
5600,28,1.93177739408404,0.533502154050643,0.268049841737525,1865.32473497821
5700,28.5,2.02834288901769,0.488209946207543,0.268049841737525,1865.32473497821
5800,29,2.09281521287132,0.548853667689642,0.268049841737525,1865.32473497821
5900,29.5,2.18614261138832,0.510967442081024,0.268049841737525,1865.32473497821
6000,30,2.14530879657163,0.537411309455419,0.268049841737525,1865.32473497821
6100,30.5,1.99740761101643,0.579880231616616,0.268049841737525,1865.32473497821
6200,31,1.95571836789071,0.428598325026487,0.268049841737525,1865.32473497821
6300,31.5,1.91697633589043,0.564575206246904,0.268049841737525,1865.32473497821
6400,32,1.96775260955199,0.514979010392013,0.268049841737525,1865.32473497821
6500,32.5,1.97228014291561,0.543600977909064,0.268049841737525,1865.32473497821
6600,33,1.98658649924398,0.580979765220776,0.268049841737525,1865.32473497821
6700,33.5,2.05271822469041,0.483072440636404,0.268049841737525,1865.32473497821
6800,34,2.0392364178064,0.507620003587383,0.268049841737525,1865.32473497821
6900,34.5,2.00263618952598,0.465784832342774,0.268049841737525,1865.32473497821
7000,35,1.9686740799793,0.470494475359926,0.268049841737525,1865.32473497821
7100,35.5,1.85112736866325,0.503572199197191,0.268049841737525,1865.32473497821
7200,36,1.88142925706209,0.445289855725892,0.268049841737525,1865.32473497821
7300,36.5,1.89133757493245,0.425098557402615,0.268049841737525,1865.32473497821
7400,37,1.95038066232689,0.475120719409587,0.268049841737525,1865.32473497821
7500,37.5,2.01654283396794,0.448345719079505,0.268049841737525,1865.32473497821
7600,38,2.06184779950146,0.597544049060149,0.268049841737525,1865.32473497821
7700,38.5,1.99847034206677,0.626770710816208,0.268049841737525,1865.32473497821
7800,39,2.00572578785149,0.475768029905499,0.268049841737525,1865.32473497821
7900,39.5,1.99108584093671,0.47378870244322,0.268049841737525,1865.32473497821
8000,40,1.99335118369637,0.484803872151694,0.268049841737525,1865.32473497821
8100,40.5,1.95740493995501,0.431476157060253,0.268049841737525,1865.32473497821
8200,41,1.92087901693915,0.484823371298258,0.268049841737525,1865.32473497821
8300,41.5,1.97634195447555,0.469646681717299,0.268049841737525,1865.32473497821
8400,42,2.01083166101984,0.435425177191104,0.268049841737525,1865.32473497821
8500,42.5,2.09863326877987,0.497798064327021,0.268049841737525,1865.32473497821
8600,43,2.13543611232723,0.608431048391667,0.268049841737525,1865.32473497821
8700,43.5,2.10515699167091,0.498263927391158,0.268049841737525,1865.32473497821
8800,44,1.98066845242406,0.549384662426477,0.268049841737525,1865.32473497821
8900,44.5,1.96554535076998,0.505541146135554,0.268049841737525,1865.32473497821
9000,45,1.91808243446607,0.459703662465204,0.268049841737525,1865.32473497821
9100,45.5,1.91388794170773,0.486549252270568,0.268049841737525,1865.32473497821
9200,46,1.95687194942548,0.486189492200439,0.268049841737525,1865.32473497821
9300,46.5,2.04834839924256,0.444211444971682,0.268049841737525,1865.32473497821
9400,47,2.05188368841747,0.505263629254485,0.268049841737525,1865.32473497821
9500,47.5,2.04790368053169,0.458251939843716,0.268049841737525,1865.32473497821
9600,48,2.02597467009185,0.424130387466516,0.268049841737525,1865.32473497821
9700,48.5,1.97277279417744,0.539472202575556,0.268049841737525,1865.32473497821
9800,49,1.94841022911706,0.575299303531584,0.268049841737525,1865.32473497821
9900,49.5,1.99795483131875,0.569486095418269,0.268049841737525,1865.32473497821
10000,50,2.03075581027298,0.434406136502397,0.268049841737525,1865.32473497821
10100,50.5,2.04638889823646,0.554284969874864,0.268049841737525,1865.32473497821
10200,51,2.07998305962421,0.502433172592688,0.268049841737525,1865.32473497821
10300,51.5,2.07100965680294,0.4857045273445,0.268049841737525,1865.32473497821
10400,52,1.97301337069338,0.512648937204787,0.268049841737525,1865.32473497821
10500,52.5,1.94635092887824,0.418016695760592,0.268049841737525,1865.32473497821
10600,53,1.89421979243717,0.537566052043551,0.268049841737525,1865.32473497821
10700,53.5,1.97064119566872,0.497571077614202,0.268049841737525,1865.32473497821
10800,54,1.98850113037249,0.561487301758612,0.268049841737525,1865.32473497821
10900,54.5,2.02614354536907,0.562459052640999,0.268049841737525,1865.32473497821
11000,55,2.07310334669865,0.551209512633833,0.268049841737525,1865.32473497821
11100,55.5,2.10607127747239,0.531746598196987,0.268049841737525,1865.32473497821
11200,56,2.09458492553519,0.575941019739907,0.268049841737525,1865.32473497821
11300,56.5,2.01678990646377,0.532037720276108,0.268049841737525,1865.32473497821
11400,57,1.9113405479754,0.497383474802447,0.268049841737525,1865.32473497821
11500,57.5,1.89588070511819,0.468096570473837,0.268049841737525,1865.32473497821
11600,58,1.96952257353327,0.398052759349299,0.268049841737525,1865.32473497821
11700,58.5,2.02817318283467,0.495700755390433,0.268049841737525,1865.32473497821
11800,59,2.04521484605708,0.430255936741706,0.268049841737525,1865.32473497821
11900,59.5,2.0608063366425,0.459952316625035,0.268049841737525,1865.32473497821
12000,60,2.02487147275194,0.509971803638917,0.268049841737525,1865.32473497821
12100,60.5,2.04475362917922,0.48714370986283,0.268049841737525,1865.32473497821
12200,61,2.0031634963506,0.437400973787552,0.268049841737525,1865.32473497821
12300,61.5,1.96303910837696,0.496228499665824,0.268049841737525,1865.32473497821
12400,62,1.87477621930195,0.453628472079917,0.268049841737525,1865.32473497821
12500,62.5,1.88381480587395,0.447849520604832,0.268049841737525,1865.32473497821
12600,63,1.93411927691549,0.485825278841352,0.268049841737525,1865.32473497821
12700,63.5,2.06545675272835,0.451652717111855,0.268049841737525,1865.32473497821
12800,64,2.07797791093516,0.509999771416521,0.268049841737525,1865.32473497821
12900,64.5,2.04748625177997,0.527390206249276,0.268049841737525,1865.32473497821
13000,65,2.01127324446992,0.542818313500375,0.268049841737525,1865.32473497821
13100,65.5,2.02376214380788,0.525489965326872,0.268049841737525,1865.32473497821
13200,66,1.98502872341665,0.500480083402618,0.268049841737525,1865.32473497821
13300,66.5,1.98375107998536,0.482382465211164,0.268049841737525,1865.32473497821
13400,67,1.96830840295224,0.40183085730628,0.268049841737525,1865.32473497821
13500,67.5,1.99360702334697,0.420093024203202,0.268049841737525,1865.32473497821
13600,68,2.01833702527551,0.501969291221565,0.268049841737525,1865.32473497821
13700,68.5,2.02415245739882,0.566715160053965,0.268049841737525,1865.32473497821
13800,69,2.18087906737783,0.626901119210184,0.268049841737525,1865.32473497821
13900,69.5,2.29172984297631,0.583461770602411,0.268049841737525,1865.32473497821
14000,70,2.21261115378068,0.593543554951272,0.268049841737525,1865.32473497821
14100,70.5,2.08589681046808,0.516219090186853,0.268049841737525,1865.32473497821
14200,71,2.00355578882139,0.516159938405364,0.268049841737525,1865.32473497821
14300,71.5,1.98279105285129,0.500224158994908,0.268049841737525,1865.32473497821
14400,72,1.90904560289537,0.542656912899335,0.268049841737525,1865.32473497821
14500,72.5,1.96718066573928,0.413371537727239,0.268049841737525,1865.32473497821
14600,73,1.98874748070217,0.468149901423892,0.268049841737525,1865.32473497821
14700,73.5,2.02119784692818,0.447950753741299,0.268049841737525,1865.32473497821
14800,74,2.04698429566111,0.549729347402183,0.268049841737525,1865.32473497821
14900,74.5,2.10855937826354,0.534182546325273,0.268049841737525,1865.32473497821
15000,75,2.08081786529195,0.574708244872454,0.268049841737525,1865.32473497821
15100,75.5,1.94924789327234,0.61001379673271,0.268049841737525,1865.32473497821
15200,76,1.87711998237602,0.48812678248736,0.268049841737525,1865.32473497821
15300,76.5,1.85859573731467,0.437447435564244,0.268049841737525,1865.32473497821
15400,77,1.91338192636469,0.450200722122229,0.268049841737525,1865.32473497821
15500,77.5,1.9252524594017,0.620556421123874,0.268049841737525,1865.32473497821
15600,78,2.00987763413425,0.459545358565904,0.268049841737525,1865.32473497821
15700,78.5,2.0244644978678,0.507235036877381,0.268049841737525,1865.32473497821
15800,79,2.01510059248592,0.4927147426411,0.268049841737525,1865.32473497821
15900,79.5,2.01433918796533,0.430404930696488,0.268049841737525,1865.32473497821
16000,80,2.01163819483334,0.53706492135196,0.268049841737525,1865.32473497821
16100,80.5,1.97834904952873,0.524866478389153,0.268049841737525,1865.32473497821
16200,81,1.93354537689301,0.56731827349548,0.268049841737525,1865.32473497821
16300,81.5,1.91343015575122,0.445843487444478,0.268049841737525,1865.32473497821
16400,82,1.93959582057918,0.462808942047293,0.268049841737525,1865.32473497821
16500,82.5,1.93683952012291,0.502949032697016,0.268049841737525,1865.32473497821
16600,83,2.01781543276609,0.653686803866096,0.268049841737525,1865.32473497821
16700,83.5,2.14329663712683,0.490081982667927,0.268049841737525,1865.32473497821
16800,84,2.1209950278567,0.556035128127528,0.268049841737525,1865.32473497821
16900,84.5,2.05226287552676,0.468122390428088,0.268049841737525,1865.32473497821
17000,85,1.99006258821259,0.378309237857336,0.268049841737525,1865.32473497821
17100,85.5,1.98459028141288,0.436787943939084,0.268049841737525,1865.32473497821
17200,86,1.95779049919283,0.409769175218964,0.268049841737525,1865.32473497821
17300,86.5,1.90069263838603,0.547017203713599,0.268049841737525,1865.32473497821
17400,87,1.9367820901484,0.51082369325764,0.268049841737525,1865.32473497821
17500,87.5,1.98392515164724,0.532775605381002,0.268049841737525,1865.32473497821
17600,88,1.97146046769973,0.659393748565794,0.268049841737525,1865.32473497821
17700,88.5,2.0002296372685,0.476719211778269,0.268049841737525,1865.32473497821
17800,89,2.01815906461241,0.515442580053425,0.268049841737525,1865.32473497821
17900,89.5,2.06913041718306,0.489983277805111,0.268049841737525,1865.32473497821
18000,90,1.9849741863725,0.425023153679572,0.268049841737525,1865.32473497821
18100,90.5,1.90367318932908,0.410459647630575,0.268049841737525,1865.32473497821
18200,91,1.95454121005415,0.39635182343821,0.268049841737525,1865.32473497821
18300,91.5,1.9519031865027,0.445667882108894,0.268049841737525,1865.32473497821
18400,92,2.00633131388383,0.458176462024919,0.268049841737525,1865.32473497821
18500,92.5,2.05557144733597,0.600306951610453,0.268049841737525,1865.32473497821
18600,93,2.12177190980679,0.645572588005791,0.268049841737525,1865.32473497821
18700,93.5,2.1280578744094,0.4862906610688,0.268049841737525,1865.32473497821
18800,94,1.96695645570751,0.571361403169462,0.268049841737525,1865.32473497821
18900,94.5,1.92873243873615,0.458573074469777,0.268049841737525,1865.32473497821
19000,95,1.93370661417615,0.490316833735982,0.268049841737525,1865.32473497821
19100,95.5,1.94510383736938,0.372055745691235,0.268049841737525,1865.32473497821
19200,96,1.93138546918579,0.561932010848433,0.268049841737525,1865.32473497821
19300,96.5,2.0172947110515,0.535198940253873,0.268049841737525,1865.32473497821
19400,97,1.98461071265948,0.582319948703709,0.268049841737525,1865.32473497821
19500,97.5,2.04883444429529,0.561899166246959,0.268049841737525,1865.32473497821
19600,98,2.03241203217948,0.528395070016409,0.268049841737525,1865.32473497821
19700,98.5,2.00819547881695,0.450325309071194,0.268049841737525,1865.32473497821
19800,99,1.9271936514607,0.446205599011795,0.268049841737525,1865.32473497821
19900,99.5,1.83196144580333,0.451303617098718,0.268049841737525,1865.32473497821
20000,100,1.8214545439555,0.393865151001185,0.268049841737525,1865.32473497821
20100,100.5,1.79740267250341,0.550849150108102,0.268049841737525,1865.32473497821
20200,101,1.91825298529453,0.503305953851617,0.268049841737525,1865.32473497821
20300,101.5,1.9952253838518,0.451443798099753,0.268049841737525,1865.32473497821
20400,102,2.01314786510285,0.419742336258299,0.268049841737525,1865.32473497821
20500,102.5,2.03780158037333,0.482227044243396,0.268049841737525,1865.32473497821
20600,103,2.03675004724001,0.588495491676119,0.268049841737525,1865.32473497821
20700,103.5,2.06586472377852,0.498124131151398,0.268049841737525,1865.32473497821
20800,104,2.02819377714736,0.497328660291591,0.268049841737525,1865.32473497821
20900,104.5,1.96484002783069,0.512901264116898,0.268049841737525,1865.32473497821
21000,105,1.89831155520427,0.532454893437429,0.268049841737525,1865.32473497821
21100,105.5,1.89067221045691,0.502220039051169,0.268049841737525,1865.32473497821
21200,106,1.92824629664474,0.556933469280005,0.268049841737525,1865.32473497821
21300,106.5,2.05447322834908,0.534865142148124,0.268049841737525,1865.32473497821
21400,107,2.10079503644679,0.600018240291368,0.268049841737525,1865.32473497821
21500,107.5,2.14130624618101,0.476052646652194,0.268049841737525,1865.32473497821
21600,108,2.06022376357085,0.540267686902531,0.268049841737525,1865.32473497821
21700,108.5,2.01303461617573,0.520752881162485,0.268049841737525,1865.32473497821
21800,109,2.01799450108843,0.526522274546841,0.268049841737525,1865.32473497821
21900,109.5,2.01307422857441,0.486245867534285,0.268049841737525,1865.32473497821
22000,110,1.96724648026402,0.502993468349026,0.268049841737525,1865.32473497821
22100,110.5,1.99440328420698,0.44964107149027,0.268049841737525,1865.32473497821
22200,111,2.03052481263239,0.490580507812465,0.268049841737525,1865.32473497821
22300,111.5,2.02585427221514,0.496019306554105,0.268049841737525,1865.32473497821
22400,112,2.04233237516529,0.562102268615398,0.268049841737525,1865.32473497821
22500,112.5,2.14789018554892,0.477875788802158,0.268049841737525,1865.32473497821
22600,113,2.20288363910585,0.525402356751311,0.268049841737525,1865.32473497821
22700,113.5,2.09349216592086,0.481115188878355,0.268049841737525,1865.32473497821
22800,114,2.02276890546685,0.502904213422913,0.268049841737525,1865.32473497821
22900,114.5,1.88617915880691,0.536762498306968,0.268049841737525,1865.32473497821
23000,115,1.96796808567602,0.46883719426871,0.268049841737525,1865.32473497821
23100,115.5,1.924397925353,0.551457934235419,0.268049841737525,1865.32473497821
23200,116,2.02694659319324,0.421300517649708,0.268049841737525,1865.32473497821
23300,116.5,2.07691272407281,0.49567681823322,0.268049841737525,1865.32473497821
23400,117,2.09338002479145,0.446860249248139,0.268049841737525,1865.32473497821
23500,117.5,2.07029689117921,0.437649775139859,0.268049841737525,1865.32473497821
23600,118,1.95548298625499,0.538242598746086,0.268049841737525,1865.32473497821
23700,118.5,1.88134601502259,0.37395740467942,0.268049841737525,1865.32473497821
23800,119,1.87834723159768,0.414451360335528,0.268049841737525,1865.32473497821
23900,119.5,1.89612314255166,0.512893067480915,0.268049841737525,1865.32473497821
24000,120,1.96053181117126,0.527903995446399,0.268049841737525,1865.32473497821
24100,120.5,2.04253424139227,0.525517173608008,0.268049841737525,1865.32473497821
24200,121,2.09141836781846,0.461481371213772,0.268049841737525,1865.32473497821
24300,121.5,2.0342123138687,0.542219462489378,0.268049841737525,1865.32473497821
24400,122,2.02278838135282,0.538276222957401,0.268049841737525,1865.32473497821
24500,122.5,2.00086351499207,0.508758411495836,0.268049841737525,1865.32473497821
24600,123,1.96433375410353,0.497302675414899,0.268049841737525,1865.32473497821
24700,123.5,1.94027910441644,0.423714937066277,0.268049841737525,1865.32473497821
24800,124,1.92532152186477,0.542195374109153,0.268049841737525,1865.32473497821
24900,124.5,1.99121403705383,0.486855608049712,0.268049841737525,1865.32473497821
25000,125,2.05429376835595,0.532299206209109,0.268049841737525,1865.32473497821
25100,125.5,2.09162782789146,0.536638976041408,0.268049841737525,1865.32473497821
25200,126,2.11769413613145,0.538545269739266,0.268049841737525,1865.32473497821
25300,126.5,2.06311265704042,0.483368488968893,0.268049841737525,1865.32473497821
25400,127,2.02829524317288,0.499807999934297,0.268049841737525,1865.32473497821
25500,127.5,1.97450597484086,0.357044607965436,0.268049841737525,1865.32473497821
25600,128,1.90334011522708,0.557833952548132,0.268049841737525,1865.32473497821
25700,128.5,1.94332472113029,0.448418952842291,0.268049841737525,1865.32473497821
25800,129,1.92951326622953,0.53379919445441,0.268049841737525,1865.32473497821
25900,129.5,1.96006621595112,0.523861855165114,0.268049841737525,1865.32473497821
26000,130,1.96919481714251,0.669016290235512,0.268049841737525,1865.32473497821
26100,130.5,2.02356370118715,0.47673922636188,0.268049841737525,1865.32473497821
26200,131,2.08170763363316,0.539164844084186,0.268049841737525,1865.32473497821
26300,131.5,2.00648919161131,0.493148344626397,0.268049841737525,1865.32473497821
26400,132,1.9815854131774,0.533759049804398,0.268049841737525,1865.32473497821
26500,132.5,1.95028886425406,0.506859979089658,0.268049841737525,1865.32473497821
26600,133,1.89137878120328,0.433060239677071,0.268049841737525,1865.32473497821
26700,133.5,1.87012220761651,0.394753286054904,0.268049841737525,1865.32473497821
26800,134,1.87153762245385,0.388851534129222,0.268049841737525,1865.32473497821
26900,134.5,1.92674326177276,0.473560212589313,0.268049841737525,1865.32473497821
27000,135,2.00448688499903,0.451011950266776,0.268049841737525,1865.32473497821
27100,135.5,2.08549667099976,0.546020074784712,0.268049841737525,1865.32473497821
27200,136,2.08361753544258,0.505273476698619,0.268049841737525,1865.32473497821
27300,136.5,2.03995928641095,0.559005238607902,0.268049841737525,1865.32473497821
27400,137,2.01695761267543,0.499899910005262,0.268049841737525,1865.32473497821
27500,137.5,1.95875083720242,0.451656170040792,0.268049841737525,1865.32473497821
27600,138,1.91846985282806,0.341621616868578,0.268049841737525,1865.32473497821
27700,138.5,1.91318750160335,0.464657447027637,0.268049841737525,1865.32473497821
27800,139,2.00869821075293,0.546798988362247,0.268049841737525,1865.32473497821
27900,139.5,2.08323155700132,0.606791427605898,0.268049841737525,1865.32473497821
28000,140,2.13425851181385,0.551068154048259,0.268049841737525,1865.32473497821
28100,140.5,2.15759870003504,0.444807470440172,0.268049841737525,1865.32473497821
28200,141,2.0600496236139,0.518767979130863,0.268049841737525,1865.32473497821
28300,141.5,2.04025326501063,0.47997124984503,0.268049841737525,1865.32473497821
28400,142,1.92765536219419,0.547031765494548,0.268049841737525,1865.32473497821
28500,142.5,1.90901141210116,0.590976813906498,0.268049841737525,1865.32473497821
28600,143,1.92266186635871,0.526039178203959,0.268049841737525,1865.32473497821
28700,143.5,1.96436534258387,0.541873810985487,0.268049841737525,1865.32473497821
28800,144,2.03929415446305,0.57858640386276,0.268049841737525,1865.32473497821
28900,144.5,2.13667441924073,0.517539734205701,0.268049841737525,1865.32473497821
29000,145,2.11156151194002,0.559817537380645,0.268049841737525,1865.32473497821
29100,145.5,2.0480391790988,0.54386930289761,0.268049841737525,1865.32473497821
29200,146,1.98663924056339,0.470266833939624,0.268049841737525,1865.32473497821
29300,146.5,1.96938073966493,0.380099164896177,0.268049841737525,1865.32473497821
29400,147,1.97426193026749,0.548532212695103,0.268049841737525,1865.32473497821
29500,147.5,1.94818902774187,0.487390562748207,0.268049841737525,1865.32473497821
29600,148,2.00620126747881,0.59199569336348,0.268049841737525,1865.32473497821
29700,148.5,2.04713075859336,0.444515850355946,0.268049841737525,1865.32473497821
29800,149,1.99862810943182,0.560898757785599,0.268049841737525,1865.32473497821
29900,149.5,2.04200832635831,0.500541986052892,0.268049841737525,1865.32473497821
30000,150,2.03638142814004,0.473559151405194,0.268049841737525,1865.32473497821
30100,150.5,1.98207117594159,0.537104673895216,0.268049841737525,1865.32473497821
30200,151,1.93610500312295,0.410843332456762,0.268049841737525,1865.32473497821
30300,151.5,1.89907131139963,0.486624728486315,0.268049841737525,1865.32473497821
30400,152,1.8920112334015,0.446542300176161,0.268049841737525,1865.32473497821
30500,152.5,1.97684082388093,0.468272756599847,0.268049841737525,1865.32473497821
30600,153,2.06480188303063,0.559593300481446,0.268049841737525,1865.32473497821
30700,153.5,2.10029479016539,0.539118199311871,0.268049841737525,1865.32473497821
30800,154,2.06521847888142,0.534365925146122,0.268049841737525,1865.32473497821
30900,154.5,2.03653987635443,0.529973702455904,0.268049841737525,1865.32473497821
31000,155,1.94929557347978,0.497967622226006,0.268049841737525,1865.32473497821
31100,155.5,1.99452886269652,0.365943429265463,0.268049841737525,1865.32473497821
31200,156,1.96001471629842,0.462900573282402,0.268049841737525,1865.32473497821
31300,156.5,1.96446635373644,0.523748297319611,0.268049841737525,1865.32473497821
31400,157,1.99630381466443,0.506482888102753,0.268049841737525,1865.32473497821
31500,157.5,2.03009643734758,0.455016794129838,0.268049841737525,1865.32473497821
31600,158,2.00158987242977,0.510183040841947,0.268049841737525,1865.32473497821
31700,158.5,2.02009209663674,0.52201566450602,0.268049841737525,1865.32473497821
31800,159,2.01469755708783,0.57466556581842,0.268049841737525,1865.32473497821
31900,159.5,1.99399130789411,0.541107263633659,0.268049841737525,1865.32473497821
32000,160,1.93176801959976,0.442115972462438,0.268049841737525,1865.32473497821
32100,160.5,1.87407525565295,0.467289196605454,0.268049841737525,1865.32473497821
32200,161,1.89371751636021,0.38870720472601,0.268049841737525,1865.32473497821
32300,161.5,1.91932108490676,0.46679373282701,0.268049841737525,1865.32473497821
32400,162,2.03627029545315,0.486946324574265,0.268049841737525,1865.32473497821
32500,162.5,2.07369071300927,0.538610118222251,0.268049841737525,1865.32473497821
32600,163,2.09852016225579,0.491810973404591,0.268049841737525,1865.32473497821
32700,163.5,2.07085443078457,0.534114150666426,0.268049841737525,1865.32473497821
32800,164,2.02063778194471,0.507336225836069,0.268049841737525,1865.32473497821
32900,164.5,1.9699836239026,0.460600824123004,0.268049841737525,1865.32473497821
33000,165,1.936676848423,0.532194900534979,0.268049841737525,1865.32473497821
33100,165.5,1.92573183513117,0.486313591027784,0.268049841737525,1865.32473497821
33200,166,1.98761552803285,0.484713786184521,0.268049841737525,1865.32473497821
33300,166.5,2.04953296847766,0.470022477868017,0.268049841737525,1865.32473497821
33400,167,2.19735770640866,0.490652584179068,0.268049841737525,1865.32473497821
33500,167.5,2.18647523284354,0.584859337841602,0.268049841737525,1865.32473497821
33600,168,2.15928893789679,0.537767243554128,0.268049841737525,1865.32473497821
33700,168.5,2.10498379115067,0.463962309168557,0.268049841737525,1865.32473497821
33800,169,2.02978678627604,0.512360392373149,0.268049841737525,1865.32473497821
33900,169.5,1.99943698688999,0.526982254787707,0.268049841737525,1865.32473497821
34000,170,1.96449422735017,0.527385217264394,0.268049841737525,1865.32473497821
34100,170.5,1.95030727774055,0.435018166108263,0.268049841737525,1865.32473497821
34200,171,1.93230119020719,0.520526373884349,0.268049841737525,1865.32473497821
34300,171.5,1.98060581677979,0.468705544362586,0.268049841737525,1865.32473497821
34400,172,2.0542972058348,0.590605559651197,0.268049841737525,1865.32473497821
34500,172.5,2.12021828506482,0.571391796972488,0.268049841737525,1865.32473497821
34600,173,2.12984455413193,0.588574578715285,0.268049841737525,1865.32473497821
34700,173.5,2.03190885860666,0.533523727962321,0.268049841737525,1865.32473497821
34800,174,1.9248131113877,0.527848984102227,0.268049841737525,1865.32473497821
34900,174.5,1.91667458631821,0.529496418840045,0.268049841737525,1865.32473497821
35000,175,1.93650141130903,0.553776263836069,0.268049841737525,1865.32473497821
35100,175.5,1.96132954848345,0.500279365456532,0.268049841737525,1865.32473497821
35200,176,2.01899340642099,0.517292075357398,0.268049841737525,1865.32473497821
35300,176.5,2.03802944740929,0.53329529030448,0.268049841737525,1865.32473497821
35400,177,2.05933588520566,0.546541932229609,0.268049841737525,1865.32473497821
35500,177.5,2.14042350590194,0.473558802610626,0.268049841737525,1865.32473497821
35600,178,2.02449032632805,0.559323351601807,0.268049841737525,1865.32473497821
35700,178.5,1.98203098858454,0.445622137775629,0.268049841737525,1865.32473497821
35800,179,1.93251563377347,0.480278591794305,0.268049841737525,1865.32473497821
35900,179.5,1.90984085971297,0.525360019027799,0.268049841737525,1865.32473497821
36000,180,1.92421322431466,0.527197420272317,0.268049841737525,1865.32473497821
36100,180.5,2.00611707262036,0.539588754245884,0.268049841737525,1865.32473497821
36200,181,2.04554866462535,0.552148615086732,0.268049841737525,1865.32473497821
36300,181.5,2.02679083930757,0.585521436530712,0.268049841737525,1865.32473497821
36400,182,2.03509467858371,0.435619152075923,0.268049841737525,1865.32473497821
36500,182.5,2.02282289212253,0.516088785312895,0.268049841737525,1865.32473497821
36600,183,1.97523521697597,0.480700115921443,0.268049841737525,1865.32473497821
36700,183.5,1.92019220449899,0.47189620152106,0.268049841737525,1865.32473497821
36800,184,1.82456636244704,0.459184600008533,0.268049841737525,1865.32473497821
36900,184.5,1.84975883575063,0.376645538619974,0.268049841737525,1865.32473497821
37000,185,1.94678571807744,0.443975992056015,0.268049841737525,1865.32473497821
37100,185.5,2.01821002709218,0.509739222225042,0.268049841737525,1865.32473497821
37200,186,2.02009487144895,0.465214684566889,0.268049841737525,1865.32473497821
37300,186.5,2.0459828908481,0.460071402478201,0.268049841737525,1865.32473497821
37400,187,2.07787735596564,0.498002039046706,0.268049841737525,1865.32473497821
37500,187.5,1.97498008544192,0.58313025360742,0.268049841737525,1865.32473497821
37600,188,2.00541028250639,0.483228480511652,0.268049841737525,1865.32473497821
37700,188.5,1.97242510212796,0.475276618597993,0.268049841737525,1865.32473497821
37800,189,1.88287669554163,0.456327751539579,0.268049841737525,1865.32473497821
37900,189.5,1.82344752962439,0.459808311031199,0.268049841737525,1865.32473497821
38000,190,1.87054412490726,0.482272284255093,0.268049841737525,1865.32473497821
38100,190.5,1.96507426431297,0.490292552968985,0.268049841737525,1865.32473497821
38200,191,2.07259186933047,0.530855437519157,0.268049841737525,1865.32473497821
38300,191.5,2.07015601917159,0.493585691050195,0.268049841737525,1865.32473497821
38400,192,2.07586629703028,0.440621390032196,0.268049841737525,1865.32473497821
38500,192.5,2.02829748211808,0.462316867608586,0.268049841737525,1865.32473497821
38600,193,1.95586893207004,0.540678320806866,0.268049841737525,1865.32473497821
38700,193.5,1.95573296023339,0.449352325306878,0.268049841737525,1865.32473497821
38800,194,1.91207139629033,0.495489113684472,0.268049841737525,1865.32473497821
38900,194.5,1.92297571851858,0.48668294702383,0.268049841737525,1865.32473497821
39000,195,1.96948276027994,0.523982510337155,0.268049841737525,1865.32473497821
39100,195.5,2.04175051987413,0.556903530945095,0.268049841737525,1865.32473497821
39200,196,2.15252228934342,0.541618326919261,0.268049841737525,1865.32473497821
39300,196.5,2.13456182527296,0.502439040621903,0.268049841737525,1865.32473497821
39400,197,2.02152022101741,0.49370476792211,0.268049841737525,1865.32473497821
39500,197.5,2.00203639972909,0.568090838094759,0.268049841737525,1865.32473497821
39600,198,1.9299525952589,0.465215306366711,0.268049841737525,1865.32473497821
39700,198.5,1.96562340469395,0.445424205116596,0.268049841737525,1865.32473497821
39800,199,1.9687949039449,0.521165556136507,0.268049841737525,1865.32473497821
39900,199.5,1.99461526930439,0.41856635928298,0.268049841737525,1865.32473497821
40000,200,2.0305597058815,0.495038712661907,0.268049841737525,1865.32473497821
40100,200.5,2.01152032732308,0.487021768358928,0.268049841737525,1865.32473497821
40200,201,2.0023208383342,0.572227797814042,0.268049841737525,1865.32473497821
40300,201.5,2.06243078285855,0.51246669393171,0.268049841737525,1865.32473497821
40400,202,2.04919469658545,0.465750986694592,0.268049841737525,1865.32473497821
40500,202.5,1.88212235130444,0.479600421323904,0.268049841737525,1865.32473497821
40600,203,1.9023009455455,0.351393298392663,0.268049841737525,1865.32473497821
40700,203.5,1.89259412055108,0.438549020331156,0.268049841737525,1865.32473497821
40800,204,1.94667794971674,0.455888042883474,0.268049841737525,1865.32473497821
40900,204.5,2.03176043271481,0.541728211140754,0.268049841737525,1865.32473497821
41000,205,2.0600884523903,0.516667232557518,0.268049841737525,1865.32473497821
41100,205.5,2.08323136607993,0.528234791976415,0.268049841737525,1865.32473497821
41200,206,2.05732295206266,0.441522199110973,0.268049841737525,1865.32473497821
41300,206.5,1.97090028290991,0.502697611857559,0.268049841737525,1865.32473497821
41400,207,1.91088464624773,0.554000283098652,0.268049841737525,1865.32473497821
41500,207.5,1.8918672334897,0.512349531102118,0.268049841737525,1865.32473497821
41600,208,1.92302126640585,0.540374034777709,0.268049841737525,1865.32473497821
41700,208.5,2.09214875412027,0.455483094648306,0.268049841737525,1865.32473497821
41800,209,2.13984046163126,0.4977095449823,0.268049841737525,1865.32473497821
41900,209.5,2.1727127495553,0.517643270063555,0.268049841737525,1865.32473497821
42000,210,2.07335662173209,0.533025871461673,0.268049841737525,1865.32473497821
42100,210.5,2.00637098328734,0.520828061216873,0.268049841737525,1865.32473497821
42200,211,1.96980613201568,0.529545661563062,0.268049841737525,1865.32473497821
42300,211.5,1.95992881549955,0.469292111339659,0.268049841737525,1865.32473497821
42400,212,1.97669691105288,0.437418320702879,0.268049841737525,1865.32473497821
42500,212.5,1.98499293065311,0.528405224141358,0.268049841737525,1865.32473497821
42600,213,1.97105724735398,0.51298613810279,0.268049841737525,1865.32473497821
42700,213.5,2.05933805699903,0.563360247919228,0.268049841737525,1865.32473497821
42800,214,2.11903577766383,0.684619656868855,0.268049841737525,1865.32473497821
42900,214.5,2.21179391534933,0.537815969844202,0.268049841737525,1865.32473497821
43000,215,2.12416998806048,0.609584609932695,0.268049841737525,1865.32473497821
43100,215.5,2.04331355851718,0.489214368715436,0.268049841737525,1865.32473497821
43200,216,1.98412602955858,0.5189931759331,0.268049841737525,1865.32473497821
43300,216.5,1.99845325376873,0.503499180191263,0.268049841737525,1865.32473497821
43400,217,1.98975482964124,0.430234790328218,0.268049841737525,1865.32473497821
43500,217.5,1.95706682161287,0.41832786652552,0.268049841737525,1865.32473497821
43600,218,2.01068784577879,0.42322109779197,0.268049841737525,1865.32473497821
43700,218.5,2.04517807072485,0.445560000805752,0.268049841737525,1865.32473497821
43800,219,2.06963811286625,0.623943350641281,0.268049841737525,1865.32473497821
43900,219.5,2.13332022651788,0.462237736241429,0.268049841737525,1865.32473497821
44000,220,2.06663333043044,0.476800030108949,0.268049841737525,1865.32473497821
44100,220.5,1.93363040760478,0.466537566890618,0.268049841737525,1865.32473497821
44200,221,1.86748641482522,0.471819143621431,0.268049841737525,1865.32473497821
44300,221.5,1.89408464433231,0.485063080828321,0.268049841737525,1865.32473497821
44400,222,1.94365092299309,0.451541909483531,0.268049841737525,1865.32473497821
44500,222.5,2.00071674306809,0.487979532745174,0.268049841737525,1865.32473497821
44600,223,1.99942324516291,0.597231338260038,0.268049841737525,1865.32473497821
44700,223.5,2.01409039315509,0.505728675410717,0.268049841737525,1865.32473497821
44800,224,2.023597377011,0.493746717555253,0.268049841737525,1865.32473497821
44900,224.5,2.00551832925332,0.532676400950276,0.268049841737525,1865.32473497821
45000,225,2.02357630035804,0.562493631962397,0.268049841737525,1865.32473497821
45100,225.5,2.0442939846746,0.540352956123847,0.268049841737525,1865.32473497821
45200,226,1.9649453291293,0.648118487507678,0.268049841737525,1865.32473497821
45300,226.5,1.92183400419506,0.556399537549171,0.268049841737525,1865.32473497821
45400,227,1.94866744578339,0.450767144711974,0.268049841737525,1865.32473497821
45500,227.5,1.9934192400899,0.494822295254127,0.268049841737525,1865.32473497821
45600,228,2.09500592352931,0.593318323059402,0.268049841737525,1865.32473497821
45700,228.5,2.12802981480517,0.705704571383203,0.268049841737525,1865.32473497821
45800,229,2.13791928841148,0.623340042050239,0.268049841737525,1865.32473497821
45900,229.5,2.08888887481166,0.577443560676608,0.268049841737525,1865.32473497821
46000,230,2.02305257732651,0.444716943291862,0.268049841737525,1865.32473497821
46100,230.5,1.94217115837707,0.504448835307405,0.268049841737525,1865.32473497821
46200,231,1.93362253321446,0.47914449529151,0.268049841737525,1865.32473497821
46300,231.5,1.9519527526739,0.463169138178268,0.268049841737525,1865.32473497821
46400,232,1.98678390359251,0.562330899746013,0.268049841737525,1865.32473497821
46500,232.5,2.02331816458925,0.604827416832442,0.268049841737525,1865.32473497821
46600,233,2.07246392688925,0.5987245283058,0.268049841737525,1865.32473497821
46700,233.5,2.09963780425987,0.621140305220424,0.268049841737525,1865.32473497821
46800,234,2.07183830614206,0.524233079436022,0.268049841737525,1865.32473497821
46900,234.5,1.96438473549334,0.45990763732941,0.268049841737525,1865.32473497821
47000,235,1.87163702211723,0.470855102340419,0.268049841737525,1865.32473497821
47100,235.5,1.85322533837751,0.446244641329935,0.268049841737525,1865.32473497821
47200,236,1.91328809252997,0.517995571652782,0.268049841737525,1865.32473497821
47300,236.5,2.00991792497265,0.596961692450816,0.268049841737525,1865.32473497821
47400,237,2.07675318398753,0.505757253790791,0.268049841737525,1865.32473497821
47500,237.5,2.04077621949935,0.5606727395138,0.268049841737525,1865.32473497821
47600,238,2.0277607087871,0.623542185321877,0.268049841737525,1865.32473497821
47700,238.5,2.00737501266688,0.452330110261395,0.268049841737525,1865.32473497821
47800,239,1.97069851205276,0.418556748364265,0.268049841737525,1865.32473497821
47900,239.5,1.87162460926377,0.584636288778831,0.268049841737525,1865.32473497821
48000,240,1.91265242996144,0.390345905058578,0.268049841737525,1865.32473497821
48100,240.5,2.00034227398918,0.421301524722578,0.268049841737525,1865.32473497821
48200,241,2.01313942478902,0.512786514142723,0.268049841737525,1865.32473497821
48300,241.5,2.09208953164227,0.494500203459582,0.268049841737525,1865.32473497821
48400,242,2.14706034951496,0.580917527324076,0.268049841737525,1865.32473497821
48500,242.5,2.07955289572504,0.4599870901537,0.268049841737525,1865.32473497821
48600,243,2.0000401920327,0.55818008501357,0.268049841737525,1865.32473497821
48700,243.5,1.96832572258604,0.457617746263037,0.268049841737525,1865.32473497821
48800,244,1.91666633208448,0.54673103155532,0.268049841737525,1865.32473497821
48900,244.5,1.94071622541838,0.438262393516457,0.268049841737525,1865.32473497821
49000,245,1.95958782743401,0.568704706416238,0.268049841737525,1865.32473497821
49100,245.5,2.04117238929642,0.522303457830177,0.268049841737525,1865.32473497821
49200,246,2.04702678199033,0.58557308288705,0.268049841737525,1865.32473497821
49300,246.5,2.10173940864412,0.451595285440996,0.268049841737525,1865.32473497821
49400,247,2.01046325684022,0.538861104259029,0.268049841737525,1865.32473497821
49500,247.5,2.04937792269705,0.491877176669389,0.268049841737525,1865.32473497821
49600,248,2.02553333633786,0.527951994400347,0.268049841737525,1865.32473497821
49700,248.5,2.01349442863418,0.441929780422108,0.268049841737525,1865.32473497821
49800,249,1.99459336419052,0.528534547208114,0.268049841737525,1865.32473497821
49900,249.5,2.00707276895236,0.472556479577644,0.268049841737525,1865.32473497821
50000,250,1.96411016742692,0.554856332341933,0.268049841737525,1865.32473497821
50100,250.5,1.99356353816981,0.446172487555917,0.268049841737525,1865.32473497821
50200,251,1.99762142548438,0.526876584655955,0.268049841737525,1865.32473497821
50300,251.5,2.02090785979324,0.517476041674424,0.268049841737525,1865.32473497821
50400,252,2.07446652814149,0.637413568694579,0.268049841737525,1865.32473497821
50500,252.5,2.09680281621342,0.548863027563764,0.268049841737525,1865.32473497821
50600,253,2.05544356613999,0.502221615777718,0.268049841737525,1865.32473497821
50700,253.5,1.95433774071399,0.521696820418404,0.268049841737525,1865.32473497821
50800,254,1.9452907021614,0.449975167620127,0.268049841737525,1865.32473497821
50900,254.5,1.91761570795536,0.479396216187383,0.268049841737525,1865.32473497821
51000,255,1.92642326268007,0.492208012420106,0.268049841737525,1865.32473497821
51100,255.5,1.93908182266734,0.512923845885767,0.268049841737525,1865.32473497821
51200,256,2.04155656598378,0.605028959973336,0.268049841737525,1865.32473497821
51300,256.5,2.07923739679503,0.535723238810418,0.268049841737525,1865.32473497821
51400,257,2.09975772339309,0.457220190628837,0.268049841737525,1865.32473497821
51500,257.5,2.07143518742469,0.546069687167082,0.268049841737525,1865.32473497821
51600,258,2.01812017794537,0.52454475381211,0.268049841737525,1865.32473497821
51700,258.5,1.96963222266749,0.515817861097768,0.268049841737525,1865.32473497821
51800,259,1.93531372749084,0.558913088139725,0.268049841737525,1865.32473497821
51900,259.5,1.90936259005107,0.509547186382403,0.268049841737525,1865.32473497821
52000,260,1.99326614753407,0.472161428596841,0.268049841737525,1865.32473497821
52100,260.5,2.00839442668303,0.577913834644843,0.268049841737525,1865.32473497821
52200,261,2.14115482054108,0.529724180951254,0.268049841737525,1865.32473497821
52300,261.5,2.1436058135408,0.576459760523082,0.268049841737525,1865.32473497821
52400,262,2.13939342959305,0.503500418637171,0.268049841737525,1865.32473497821
52500,262.5,2.05957483866662,0.549918102365093,0.268049841737525,1865.32473497821
52600,263,2.03139501933454,0.520924363564477,0.268049841737525,1865.32473497821
52700,263.5,1.95215977533731,0.588175373274713,0.268049841737525,1865.32473497821
52800,264,1.91329533624572,0.635044046366561,0.268049841737525,1865.32473497821
52900,264.5,1.98955266827046,0.543598614746463,0.268049841737525,1865.32473497821
53000,265,2.02735357356104,0.507033080288357,0.268049841737525,1865.32473497821
53100,265.5,1.98260900097204,0.584497702725323,0.268049841737525,1865.32473497821
53200,266,2.03160580442463,0.612049372328356,0.268049841737525,1865.32473497821
53300,266.5,2.06287857453898,0.519426322903797,0.268049841737525,1865.32473497821
53400,267,2.10508303512818,0.503425637854475,0.268049841737525,1865.32473497821
53500,267.5,2.01963830643875,0.443968413127054,0.268049841737525,1865.32473497821
53600,268,1.90029235425058,0.501407892461388,0.268049841737525,1865.32473497821
53700,268.5,1.89779534979002,0.411636895485738,0.268049841737525,1865.32473497821
53800,269,1.88061373833479,0.550430253809815,0.268049841737525,1865.32473497821
53900,269.5,1.97289741095256,0.538378768134831,0.268049841737525,1865.32473497821
54000,270,2.04472318722524,0.481485176378855,0.268049841737525,1865.32473497821
54100,270.5,2.09555173917156,0.507751889722849,0.268049841737525,1865.32473497821
54200,271,2.09995397003985,0.557927791140556,0.268049841737525,1865.32473497821
54300,271.5,2.05692334453587,0.517610156670774,0.268049841737525,1865.32473497821
54400,272,2.01436286684798,0.497590699131806,0.268049841737525,1865.32473497821
54500,272.5,2.00368149729522,0.528324973111003,0.268049841737525,1865.32473497821
54600,273,2.01545540375427,0.540068856815591,0.268049841737525,1865.32473497821
54700,273.5,1.96232863395071,0.54616730407047,0.268049841737525,1865.32473497821
54800,274,1.96790731610177,0.504012794200601,0.268049841737525,1865.32473497821
54900,274.5,1.98498482094839,0.432987448584813,0.268049841737525,1865.32473497821
55000,275,1.94793626219207,0.44549094277179,0.268049841737525,1865.32473497821
55100,275.5,1.99584543776434,0.501717405302076,0.268049841737525,1865.32473497821
55200,276,2.08763322906848,0.522393579211137,0.268049841737525,1865.32473497821
55300,276.5,2.13076715048435,0.531453758311881,0.268049841737525,1865.32473497821
55400,277,2.10484897432927,0.575454722210388,0.268049841737525,1865.32473497821
55500,277.5,2.02292689980678,0.522144812541193,0.268049841737525,1865.32473497821
55600,278,1.9336778279047,0.575592116365357,0.268049841737525,1865.32473497821
55700,278.5,1.91955135076998,0.514474384972119,0.268049841737525,1865.32473497821
55800,279,1.95367061795086,0.441241389621775,0.268049841737525,1865.32473497821
55900,279.5,1.98894820220579,0.438876903557845,0.268049841737525,1865.32473497821
56000,280,2.0180655585866,0.448144465886421,0.268049841737525,1865.32473497821
56100,280.5,2.04397631566441,0.433124779702446,0.268049841737525,1865.32473497821
56200,281,2.02073489678427,0.607379918850308,0.268049841737525,1865.32473497821
56300,281.5,2.0824523642337,0.495375403370683,0.268049841737525,1865.32473497821
56400,282,1.96713562222445,0.398467686311222,0.268049841737525,1865.32473497821
56500,282.5,1.83713851173182,0.389297333342374,0.268049841737525,1865.32473497821
56600,283,1.78730020536077,0.472123849772826,0.268049841737525,1865.32473497821
56700,283.5,1.88191861056802,0.396246853237022,0.268049841737525,1865.32473497821
56800,284,1.91545802079144,0.481274184856781,0.268049841737525,1865.32473497821
56900,284.5,1.94822519722482,0.539967341540681,0.268049841737525,1865.32473497821
57000,285,2.06218365146311,0.455633118848376,0.268049841737525,1865.32473497821
57100,285.5,2.025372525228,0.564881030408311,0.268049841737525,1865.32473497821
57200,286,2.03908976653361,0.592202106670709,0.268049841737525,1865.32473497821
57300,286.5,1.98732415260471,0.647183590542503,0.268049841737525,1865.32473497821
57400,287,2.00594508973929,0.521407719089577,0.268049841737525,1865.32473497821
57500,287.5,1.94388317035985,0.394950078861539,0.268049841737525,1865.32473497821
57600,288,1.89627124789007,0.341268419605721,0.268049841737525,1865.32473497821
57700,288.5,1.866273212272,0.473614895282668,0.268049841737525,1865.32473497821
57800,289,1.96819018601715,0.453947295670069,0.268049841737525,1865.32473497821
57900,289.5,2.07883532739928,0.484749385902488,0.268049841737525,1865.32473497821
58000,290,2.07319503679453,0.57897591356584,0.268049841737525,1865.32473497821
58100,290.5,2.07089688590145,0.504875134415982,0.268049841737525,1865.32473497821
58200,291,1.99933005868544,0.709943494542861,0.268049841737525,1865.32473497821
58300,291.5,1.94468920016557,0.45486353398101,0.268049841737525,1865.32473497821
58400,292,1.93790505224691,0.54510809031219,0.268049841737525,1865.32473497821
58500,292.5,1.90465935827293,0.538694799552536,0.268049841737525,1865.32473497821
58600,293,1.9265573551992,0.553209775771777,0.268049841737525,1865.32473497821
58700,293.5,2.02833933613478,0.590380546393115,0.268049841737525,1865.32473497821
58800,294,2.12395970238914,0.607474091473001,0.268049841737525,1865.32473497821
58900,294.5,2.1375800774764,0.709333566189205,0.268049841737525,1865.32473497821
59000,295,2.11327343844083,0.574602299534553,0.268049841737525,1865.32473497821
59100,295.5,2.00958613186796,0.610378279523662,0.268049841737525,1865.32473497821
59200,296,2.0138688484144,0.508878527514677,0.268049841737525,1865.32473497821
59300,296.5,1.99278514626024,0.516839344740104,0.268049841737525,1865.32473497821
59400,297,1.99350871786806,0.468698905659546,0.268049841737525,1865.32473497821
59500,297.5,1.91779208431887,0.44487284274854,0.268049841737525,1865.32473497821
59600,298,1.96216563579708,0.57635418279791,0.268049841737525,1865.32473497821
59700,298.5,2.01901874394903,0.535031569322199,0.268049841737525,1865.32473497821
59800,299,2.10565035537301,0.462651492386644,0.268049841737525,1865.32473497821
59900,299.5,2.15576405943905,0.590206155480669,0.268049841737525,1865.32473497821
60000,300,2.14045052691808,0.498410879804296,0.268049841737525,1865.32473497821
60100,300.5,2.01114339412031,0.481159357485799,0.268049841737525,1865.32473497821
60200,301,1.94654839358848,0.405202979713197,0.268049841737525,1865.32473497821
60300,301.5,1.91650431255786,0.468851835036487,0.268049841737525,1865.32473497821
60400,302,1.89130782993255,0.503483382499248,0.268049841737525,1865.32473497821
60500,302.5,2.01749232871302,0.430589141679085,0.268049841737525,1865.32473497821
60600,303,1.96365527912899,0.612772150349575,0.268049841737525,1865.32473497821
60700,303.5,2.07519435467981,0.443091543720425,0.268049841737525,1865.32473497821
60800,304,2.04850357530846,0.522169299847457,0.268049841737525,1865.32473497821
60900,304.5,2.04354200085674,0.569448177074351,0.268049841737525,1865.32473497821
61000,305,1.94420658487373,0.588373315326226,0.268049841737525,1865.32473497821
61100,305.5,1.88287647963749,0.447417781312937,0.268049841737525,1865.32473497821
61200,306,1.84118723186495,0.37632143399875,0.268049841737525,1865.32473497821
61300,306.5,1.8711988405299,0.466896735888453,0.268049841737525,1865.32473497821
61400,307,1.96528098487585,0.481950576883709,0.268049841737525,1865.32473497821
61500,307.5,2.00970989870774,0.5810392952415,0.268049841737525,1865.32473497821
61600,308,2.0755679163977,0.512695272043992,0.268049841737525,1865.32473497821
61700,308.5,2.01715139675604,0.552467479812544,0.268049841737525,1865.32473497821
61800,309,2.00564952943326,0.510585436131041,0.268049841737525,1865.32473497821
61900,309.5,1.96854156786012,0.446101365946407,0.268049841737525,1865.32473497821
62000,310,1.95604684437149,0.461097179446263,0.268049841737525,1865.32473497821
62100,310.5,1.92605321155209,0.539228736786522,0.268049841737525,1865.32473497821
62200,311,1.98826493059491,0.452149695353276,0.268049841737525,1865.32473497821
62300,311.5,2.0383725689204,0.533934710399444,0.268049841737525,1865.32473497821
62400,312,2.10786069432618,0.507747238888875,0.268049841737525,1865.32473497821
62500,312.5,2.06650928696085,0.642211500732058,0.268049841737525,1865.32473497821
62600,313,2.07527532546041,0.57439503165956,0.268049841737525,1865.32473497821
62700,313.5,1.99348734826678,0.488687807133101,0.268049841737525,1865.32473497821
62800,314,1.8761494799057,0.430634598878615,0.268049841737525,1865.32473497821
62900,314.5,1.90877888672748,0.370549072905167,0.268049841737525,1865.32473497821
63000,315,1.90637694979761,0.510850091695468,0.268049841737525,1865.32473497821
63100,315.5,1.97162655667653,0.487107556056211,0.268049841737525,1865.32473497821
63200,316,2.03134168472689,0.481049360737977,0.268049841737525,1865.32473497821
63300,316.5,2.01060418152921,0.508335941492962,0.268049841737525,1865.32473497821
63400,317,2.04425666678496,0.607817193461935,0.268049841737525,1865.32473497821
63500,317.5,2.07079981393264,0.498658344649413,0.268049841737525,1865.32473497821
63600,318,2.07353338694517,0.498743590011643,0.268049841737525,1865.32473497821
63700,318.5,1.95609526704452,0.471908758723298,0.268049841737525,1865.32473497821
63800,319,1.873305195137,0.487612842123255,0.268049841737525,1865.32473497821
63900,319.5,1.80063801176313,0.414679486298728,0.268049841737525,1865.32473497821
64000,320,1.79793936989518,0.383099733819045,0.268049841737525,1865.32473497821
64100,320.5,1.93014074366744,0.523139739633426,0.268049841737525,1865.32473497821
64200,321,2.0303383857416,0.570624351642971,0.268049841737525,1865.32473497821
64300,321.5,2.08244854392883,0.4313066035,0.268049841737525,1865.32473497821
64400,322,2.04841590040861,0.536903059346088,0.268049841737525,1865.32473497821
64500,322.5,2.04553741808488,0.517974231031027,0.268049841737525,1865.32473497821
64600,323,2.01129060593249,0.567587089834409,0.268049841737525,1865.32473497821
64700,323.5,1.93825667585259,0.525334357913319,0.268049841737525,1865.32473497821
64800,324,1.93526218621496,0.432269290553199,0.268049841737525,1865.32473497821
64900,324.5,1.91631400227054,0.46205286512161,0.268049841737525,1865.32473497821
65000,325,2.01072799885343,0.405213222686999,0.268049841737525,1865.32473497821
65100,325.5,2.04755288732448,0.52125982174809,0.268049841737525,1865.32473497821
65200,326,2.1139404329129,0.576719766144236,0.268049841737525,1865.32473497821
65300,326.5,2.09824465083837,0.498736705192208,0.268049841737525,1865.32473497821
65400,327,2.06532944959709,0.505204975770747,0.268049841737525,1865.32473497821
65500,327.5,1.98022586843999,0.597601439170009,0.268049841737525,1865.32473497821
65600,328,2.04484297666397,0.512568951148742,0.268049841737525,1865.32473497821
65700,328.5,2.01790345508611,0.482173954696679,0.268049841737525,1865.32473497821
65800,329,1.99194961197801,0.466119177063298,0.268049841737525,1865.32473497821
65900,329.5,1.95938658585397,0.453822442183544,0.268049841737525,1865.32473497821
66000,330,1.96839155477643,0.487011485622864,0.268049841737525,1865.32473497821
66100,330.5,2.02344222499358,0.477659215990533,0.268049841737525,1865.32473497821
66200,331,2.07808565242212,0.56518760845398,0.268049841737525,1865.32473497821
66300,331.5,2.16515764106596,0.563334609630833,0.268049841737525,1865.32473497821
66400,332,2.154826682737,0.642850304438443,0.268049841737525,1865.32473497821
66500,332.5,2.06836314228654,0.673274424050066,0.268049841737525,1865.32473497821
66600,333,1.96253814117453,0.501602724461055,0.268049841737525,1865.32473497821
66700,333.5,1.93639672967764,0.551179715374548,0.268049841737525,1865.32473497821
66800,334,1.93234393724788,0.507155357389106,0.268049841737525,1865.32473497821
66900,334.5,1.97326388224614,0.464759305566917,0.268049841737525,1865.32473497821
67000,335,2.00852963920572,0.471223311526232,0.268049841737525,1865.32473497821
67100,335.5,2.06717438368391,0.528448482445354,0.268049841737525,1865.32473497821
67200,336,2.05438205814508,0.592525131684644,0.268049841737525,1865.32473497821
67300,336.5,2.04616457725322,0.523412324449193,0.268049841737525,1865.32473497821
67400,337,1.99790940036686,0.503947943275826,0.268049841737525,1865.32473497821
67500,337.5,1.87473241924512,0.464295241447981,0.268049841737525,1865.32473497821
67600,338,1.86528706862762,0.430216450014726,0.268049841737525,1865.32473497821
67700,338.5,1.88239171871866,0.493215599693682,0.268049841737525,1865.32473497821
67800,339,1.96244602055025,0.487458712575402,0.268049841737525,1865.32473497821
67900,339.5,2.04227301150267,0.535063269023559,0.268049841737525,1865.32473497821
68000,340,2.0192037047317,0.527772282712027,0.268049841737525,1865.32473497821
68100,340.5,2.03808273752552,0.56634471025915,0.268049841737525,1865.32473497821
68200,341,2.03414916766396,0.398422922317147,0.268049841737525,1865.32473497821
68300,341.5,2.00276667621872,0.452481462218812,0.268049841737525,1865.32473497821
68400,342,1.98047789658761,0.530628667842625,0.268049841737525,1865.32473497821
68500,342.5,1.98495358704389,0.423006004320426,0.268049841737525,1865.32473497821
68600,343,1.97789671404874,0.510705221327932,0.268049841737525,1865.32473497821
68700,343.5,1.98409124948814,0.541936578079837,0.268049841737525,1865.32473497821
68800,344,2.02399822986336,0.564909359373762,0.268049841737525,1865.32473497821
68900,344.5,2.05210046179379,0.631266205976988,0.268049841737525,1865.32473497821
69000,345,2.12289724023192,0.538318722975247,0.268049841737525,1865.32473497821
69100,345.5,2.06047736869258,0.562488846298439,0.268049841737525,1865.32473497821
69200,346,1.97145373790803,0.5062856708594,0.268049841737525,1865.32473497821
69300,346.5,1.91563435690929,0.480827902274181,0.268049841737525,1865.32473497821
69400,347,1.95676612823833,0.413311777984618,0.268049841737525,1865.32473497821
69500,347.5,1.92584844702059,0.420416420378273,0.268049841737525,1865.32473497821
69600,348,1.98080239003738,0.506811414491539,0.268049841737525,1865.32473497821
69700,348.5,2.06548213050335,0.483085716849143,0.268049841737525,1865.32473497821
69800,349,2.03288096251593,0.591544795400245,0.268049841737525,1865.32473497821
69900,349.5,2.04926684709823,0.511552021559623,0.268049841737525,1865.32473497821
70000,350,2.0088934110954,0.493551494398525,0.268049841737525,1865.32473497821
70100,350.5,2.01861008514514,0.563922671115756,0.268049841737525,1865.32473497821
70200,351,1.95969042020247,0.540543835438198,0.268049841737525,1865.32473497821
70300,351.5,1.91900180042181,0.559993202269032,0.268049841737525,1865.32473497821
70400,352,1.95688805648797,0.524090694919284,0.268049841737525,1865.32473497821
70500,352.5,1.9253933654522,0.569252447763096,0.268049841737525,1865.32473497821
70600,353,2.05000982280705,0.523843357617558,0.268049841737525,1865.32473497821
70700,353.5,2.12157233361909,0.53639197110205,0.268049841737525,1865.32473497821
70800,354,2.1791666310966,0.563691321065393,0.268049841737525,1865.32473497821
70900,354.5,2.06046375604257,0.531451024905489,0.268049841737525,1865.32473497821
71000,355,1.99460192584615,0.482787341278655,0.268049841737525,1865.32473497821
71100,355.5,1.95567489040804,0.538136151743418,0.268049841737525,1865.32473497821
71200,356,1.9496887645283,0.455204626071534,0.268049841737525,1865.32473497821
71300,356.5,1.98545142891855,0.549985115715789,0.268049841737525,1865.32473497821
71400,357,1.97048611422839,0.5690607906339,0.268049841737525,1865.32473497821
71500,357.5,2.03294205248067,0.495366858513249,0.268049841737525,1865.32473497821
71600,358,2.00979262826029,0.573162455398315,0.268049841737525,1865.32473497821
71700,358.5,2.09097245611627,0.578844601446082,0.268049841737525,1865.32473497821
71800,359,2.13552645585185,0.508652810146376,0.268049841737525,1865.32473497821
71900,359.5,2.1704276062317,0.594956204023275,0.268049841737525,1865.32473497821
72000,360,2.07653618367866,0.552446599276454,0.268049841737525,1865.32473497821
72100,360.5,1.98794039702904,0.482312581462242,0.268049841737525,1865.32473497821
72200,361,1.96532862155274,0.371530425956173,0.268049841737525,1865.32473497821
72300,361.5,1.98007181691761,0.486180223238539,0.268049841737525,1865.32473497821
72400,362,1.96887844559249,0.49753332371358,0.268049841737525,1865.32473497821
72500,362.5,2.006132909161,0.438728491912042,0.268049841737525,1865.32473497821
72600,363,2.0185733850521,0.506480774379427,0.268049841737525,1865.32473497821
72700,363.5,2.12291648505739,0.519201710863239,0.268049841737525,1865.32473497821
72800,364,2.11185241497942,0.609485441286854,0.268049841737525,1865.32473497821
72900,364.5,2.02219133200396,0.548450833174349,0.268049841737525,1865.32473497821
73000,365,1.89520480929068,0.627909223742445,0.268049841737525,1865.32473497821
73100,365.5,1.85282551935189,0.582538906622788,0.268049841737525,1865.32473497821
73200,366,1.90071191424883,0.474233440478828,0.268049841737525,1865.32473497821
73300,366.5,1.90671408935219,0.524041696621912,0.268049841737525,1865.32473497821
73400,367,1.97223883048939,0.486612215212028,0.268049841737525,1865.32473497821
73500,367.5,2.00481018975078,0.480686596498385,0.268049841737525,1865.32473497821
73600,368,2.03908621114188,0.525773010937239,0.268049841737525,1865.32473497821
73700,368.5,2.0580502077099,0.515755504899438,0.268049841737525,1865.32473497821
73800,369,2.06698617879999,0.442805321528215,0.268049841737525,1865.32473497821
73900,369.5,1.99862200274886,0.574687065290902,0.268049841737525,1865.32473497821
74000,370,1.93075670883705,0.570688461227931,0.268049841737525,1865.32473497821
74100,370.5,1.95378140279762,0.451894962528173,0.268049841737525,1865.32473497821
74200,371,1.84677621790837,0.414576097024728,0.268049841737525,1865.32473497821
74300,371.5,1.87187623292987,0.506406565107282,0.268049841737525,1865.32473497821
74400,372,1.98334835941377,0.446262961962427,0.268049841737525,1865.32473497821
74500,372.5,2.07538505270945,0.553190347088037,0.268049841737525,1865.32473497821
74600,373,2.1081983277035,0.464146507830394,0.268049841737525,1865.32473497821
74700,373.5,2.03221986932749,0.519699689557993,0.268049841737525,1865.32473497821
74800,374,2.00014337884411,0.498284516933067,0.268049841737525,1865.32473497821
74900,374.5,1.96368312694509,0.547437701710127,0.268049841737525,1865.32473497821
75000,375,1.89415143014761,0.558055312441088,0.268049841737525,1865.32473497821
75100,375.5,1.94162269213024,0.496856710857388,0.268049841737525,1865.32473497821
75200,376,1.98193892479258,0.422610239418375,0.268049841737525,1865.32473497821
75300,376.5,2.02856215983722,0.561249752875783,0.268049841737525,1865.32473497821
75400,377,2.16070234260086,0.598765668372202,0.268049841737525,1865.32473497821
75500,377.5,2.16016178446712,0.513665151538901,0.268049841737525,1865.32473497821
75600,378,2.06396260420685,0.564922185785848,0.268049841737525,1865.32473497821
75700,378.5,2.07359670604993,0.50791154127433,0.268049841737525,1865.32473497821
75800,379,1.98537214996645,0.498627752797452,0.268049841737525,1865.32473497821
75900,379.5,1.96810692904915,0.374707087958077,0.268049841737525,1865.32473497821
76000,380,2.03020426394668,0.437013839317856,0.268049841737525,1865.32473497821
76100,380.5,1.99497447899183,0.526474014600773,0.268049841737525,1865.32473497821
76200,381,1.97582112735608,0.614529927082808,0.268049841737525,1865.32473497821
76300,381.5,2.01162118966312,0.472224012250522,0.268049841737525,1865.32473497821
76400,382,2.05444409669485,0.473891097501519,0.268049841737525,1865.32473497821
76500,382.5,2.06351721637756,0.619843111424385,0.268049841737525,1865.32473497821
76600,383,2.03230212963434,0.65817848425734,0.268049841737525,1865.32473497821
76700,383.5,2.10310985807943,0.462378406590941,0.268049841737525,1865.32473497821
76800,384,2.03177652358204,0.537720262977383,0.268049841737525,1865.32473497821
76900,384.5,1.93848356508335,0.471104677452476,0.268049841737525,1865.32473497821
77000,385,1.91973685478242,0.455205758811862,0.268049841737525,1865.32473497821
77100,385.5,1.92263384057131,0.473075361056521,0.268049841737525,1865.32473497821
77200,386,1.99046434390899,0.408976376837816,0.268049841737525,1865.32473497821
77300,386.5,2.00268174919545,0.550172751259551,0.268049841737525,1865.32473497821
77400,387,2.10467075618355,0.503739882260349,0.268049841737525,1865.32473497821
77500,387.5,2.11815117308064,0.571139929079829,0.268049841737525,1865.32473497821
77600,388,2.1137855036307,0.578260936981429,0.268049841737525,1865.32473497821
77700,388.5,1.9586576502128,0.529843321481863,0.268049841737525,1865.32473497821
77800,389,1.8752789741785,0.424706659182932,0.268049841737525,1865.32473497821
77900,389.5,1.85656323559814,0.480421360090973,0.268049841737525,1865.32473497821
78000,390,1.9341782076418,0.49303775749832,0.268049841737525,1865.32473497821
78100,390.5,2.02219242503577,0.399922965118542,0.268049841737525,1865.32473497821
78200,391,2.05689254685424,0.507293146492946,0.268049841737525,1865.32473497821
78300,391.5,2.05840675798621,0.543274932302701,0.268049841737525,1865.32473497821
78400,392,2.078236427213,0.513696650607498,0.268049841737525,1865.32473497821
78500,392.5,2.0444979685345,0.494975968435019,0.268049841737525,1865.32473497821
78600,393,1.94346973160102,0.602774263997354,0.268049841737525,1865.32473497821
78700,393.5,1.91254085904972,0.477820077381791,0.268049841737525,1865.32473497821
78800,394,1.92903721930834,0.371012151246826,0.268049841737525,1865.32473497821
78900,394.5,1.95979700814131,0.51009865427682,0.268049841737525,1865.32473497821
79000,395,1.98145625583551,0.551617675881188,0.268049841737525,1865.32473497821
79100,395.5,2.04158265260743,0.466032453090775,0.268049841737525,1865.32473497821
79200,396,1.99918086288613,0.524581000147728,0.268049841737525,1865.32473497821
79300,396.5,2.05143695049792,0.438167454804853,0.268049841737525,1865.32473497821
79400,397,1.96530714544188,0.585562956359364,0.268049841737525,1865.32473497821
79500,397.5,2.00847011473997,0.517098322802573,0.268049841737525,1865.32473497821
79600,398,1.96134164931604,0.568238056472584,0.268049841737525,1865.32473497821
79700,398.5,1.94348854154767,0.651471317843786,0.268049841737525,1865.32473497821
79800,399,1.96270271491336,0.452505461832026,0.268049841737525,1865.32473497821
79900,399.5,2.01288599358318,0.439313695724769,0.268049841737525,1865.32473497821
80000,400,2.01497310873638,0.456962074630797,0.268049841737525,1865.32473497821
80100,400.5,2.02817040746577,0.545138872000963,0.268049841737525,1865.32473497821
80200,401,2.04328778415548,0.626930944414939,0.268049841737525,1865.32473497821
80300,401.5,2.10279256663345,0.47258640456677,0.268049841737525,1865.32473497821
80400,402,2.0509235149874,0.478234267917635,0.268049841737525,1865.32473497821
80500,402.5,1.99843086358419,0.511365327589861,0.268049841737525,1865.32473497821
80600,403,1.93644352705778,0.411051708232297,0.268049841737525,1865.32473497821
80700,403.5,1.91170747084777,0.384724663855408,0.268049841737525,1865.32473497821
80800,404,1.91643775463279,0.486141788966105,0.268049841737525,1865.32473497821
80900,404.5,1.961587977367,0.469159050209124,0.268049841737525,1865.32473497821
81000,405,2.0230664515225,0.42136792828223,0.268049841737525,1865.32473497821
81100,405.5,2.03224093975491,0.507075773340306,0.268049841737525,1865.32473497821
81200,406,2.04233316649414,0.54809946886298,0.268049841737525,1865.32473497821
81300,406.5,2.03836954217519,0.54597897122697,0.268049841737525,1865.32473497821
81400,407,1.99675397953043,0.573074397482662,0.268049841737525,1865.32473497821
81500,407.5,1.97372213083031,0.441188771596621,0.268049841737525,1865.32473497821
81600,408,1.93585361377202,0.531888297954847,0.268049841737525,1865.32473497821
81700,408.5,1.93861410960471,0.448357619274915,0.268049841737525,1865.32473497821
81800,409,1.91152894473204,0.521034168971446,0.268049841737525,1865.32473497821
81900,409.5,2.00718280577503,0.545708702432977,0.268049841737525,1865.32473497821
82000,410,2.06842745131221,0.527728337364023,0.268049841737525,1865.32473497821
82100,410.5,2.08407874937586,0.598242705701851,0.268049841737525,1865.32473497821
82200,411,2.11583971781012,0.596398904300879,0.268049841737525,1865.32473497821
82300,411.5,2.02764655142704,0.525872107504336,0.268049841737525,1865.32473497821
82400,412,1.98876455783349,0.536732573517706,0.268049841737525,1865.32473497821
82500,412.5,1.9021037530656,0.494943195500399,0.268049841737525,1865.32473497821
82600,413,1.91277842504,0.491258455394554,0.268049841737525,1865.32473497821
82700,413.5,1.97908764221179,0.437756172151186,0.268049841737525,1865.32473497821
82800,414,1.98716661678542,0.514933542306295,0.268049841737525,1865.32473497821
82900,414.5,2.03062061088816,0.567421438769952,0.268049841737525,1865.32473497821
83000,415,2.04938371047459,0.614942808311325,0.268049841737525,1865.32473497821
83100,415.5,2.01675224782503,0.500492510732403,0.268049841737525,1865.32473497821
83200,416,1.95410431405669,0.517871227279068,0.268049841737525,1865.32473497821
83300,416.5,1.98124604392111,0.502750920026482,0.268049841737525,1865.32473497821
83400,417,1.99855116413869,0.554894962005006,0.268049841737525,1865.32473497821
83500,417.5,2.00734386834042,0.44174518119206,0.268049841737525,1865.32473497821
83600,418,1.97724090528151,0.634190653085955,0.268049841737525,1865.32473497821
83700,418.5,2.00403971110674,0.453918308019225,0.268049841737525,1865.32473497821
83800,419,2.01479837613396,0.524219652936682,0.268049841737525,1865.32473497821
83900,419.5,2.00344287722239,0.489883155596358,0.268049841737525,1865.32473497821
84000,420,2.02712154607428,0.474151421887401,0.268049841737525,1865.32473497821
84100,420.5,2.02902019566116,0.483080373700051,0.268049841737525,1865.32473497821
84200,421,2.04380086382105,0.548578648729737,0.268049841737525,1865.32473497821
84300,421.5,1.95307150339798,0.514176687091533,0.268049841737525,1865.32473497821
84400,422,1.96952129444688,0.522566122213975,0.268049841737525,1865.32473497821
84500,422.5,1.96306560020177,0.459591536936771,0.268049841737525,1865.32473497821
84600,423,1.99508889411144,0.524637387603366,0.268049841737525,1865.32473497821
84700,423.5,2.06222037687458,0.458612155369575,0.268049841737525,1865.32473497821
84800,424,2.12487273473864,0.555810924138196,0.268049841737525,1865.32473497821
84900,424.5,2.09939890991068,0.605550606436113,0.268049841737525,1865.32473497821
85000,425,2.00759624807564,0.509860927941239,0.268049841737525,1865.32473497821
85100,425.5,1.97960772227722,0.547902616083425,0.268049841737525,1865.32473497821
85200,426,1.87264960606603,0.492253467634992,0.268049841737525,1865.32473497821
85300,426.5,1.90705516726161,0.486007666202841,0.268049841737525,1865.32473497821
85400,427,1.97412987776353,0.487397610721617,0.268049841737525,1865.32473497821
85500,427.5,1.96102699024785,0.486086235579999,0.268049841737525,1865.32473497821
85600,428,2.00148354062488,0.474347134808204,0.268049841737525,1865.32473497821
85700,428.5,1.99263620247119,0.586702895513371,0.268049841737525,1865.32473497821
85800,429,2.01453894899191,0.526732616676446,0.268049841737525,1865.32473497821
85900,429.5,2.03017132902397,0.593184827995175,0.268049841737525,1865.32473497821
86000,430,2.00441775698848,0.582670686621603,0.268049841737525,1865.32473497821
86100,430.5,1.94953682454925,0.45917541339123,0.268049841737525,1865.32473497821
86200,431,1.85552289885703,0.427472242038438,0.268049841737525,1865.32473497821
86300,431.5,1.90022251612377,0.338881060696475,0.268049841737525,1865.32473497821
86400,432,1.86994530182499,0.513166171866065,0.268049841737525,1865.32473497821
86500,432.5,1.96707459702118,0.476014197751472,0.268049841737525,1865.32473497821
86600,433,2.00411824095061,0.586110197696788,0.268049841737525,1865.32473497821
86700,433.5,2.03667829896661,0.608162026501909,0.268049841737525,1865.32473497821
86800,434,2.03958104669766,0.519018555339539,0.268049841737525,1865.32473497821
86900,434.5,2.00291955548271,0.508359699926075,0.268049841737525,1865.32473497821
87000,435,1.98913573558312,0.484541115986818,0.268049841737525,1865.32473497821
87100,435.5,1.94224021575207,0.51932904977212,0.268049841737525,1865.32473497821
87200,436,1.9848599647908,0.468251627892634,0.268049841737525,1865.32473497821
87300,436.5,2.01223582205064,0.451413124694772,0.268049841737525,1865.32473497821
87400,437,1.98965177439757,0.437274620959181,0.268049841737525,1865.32473497821
87500,437.5,1.99275580198477,0.543599326535896,0.268049841737525,1865.32473497821
87600,438,2.04368238617786,0.561407416794689,0.268049841737525,1865.32473497821
87700,438.5,2.04081854201541,0.578687397058512,0.268049841737525,1865.32473497821
87800,439,2.09481542599101,0.464905909198409,0.268049841737525,1865.32473497821
87900,439.5,1.98906334293994,0.544391380537691,0.268049841737525,1865.32473497821
88000,440,1.97782582448759,0.508053983307501,0.268049841737525,1865.32473497821
88100,440.5,1.88280402865507,0.514509873775567,0.268049841737525,1865.32473497821
88200,441,1.86701522061189,0.476559768334068,0.268049841737525,1865.32473497821
88300,441.5,1.93406667185778,0.508766048862196,0.268049841737525,1865.32473497821
88400,442,2.00747711721447,0.497391749122897,0.268049841737525,1865.32473497821
88500,442.5,2.09755568997962,0.539868317066804,0.268049841737525,1865.32473497821
88600,443,2.07324386997533,0.600424075247606,0.268049841737525,1865.32473497821
88700,443.5,2.07403853689351,0.523239822508067,0.268049841737525,1865.32473497821
88800,444,1.99892674367404,0.48655004420089,0.268049841737525,1865.32473497821
88900,444.5,1.97440072331707,0.555945250105483,0.268049841737525,1865.32473497821
89000,445,1.95895822020721,0.396529631505434,0.268049841737525,1865.32473497821
89100,445.5,1.92064711222872,0.54140061386192,0.268049841737525,1865.32473497821
89200,446,1.91847709121134,0.565633014311422,0.268049841737525,1865.32473497821
89300,446.5,2.00355448298475,0.480048846088893,0.268049841737525,1865.32473497821
89400,447,2.10713973199937,0.497923099656591,0.268049841737525,1865.32473497821
89500,447.5,2.13163448102509,0.598027381191604,0.268049841737525,1865.32473497821
89600,448,2.1360810532399,0.552150255746445,0.268049841737525,1865.32473497821
89700,448.5,2.05871018276715,0.457225543697938,0.268049841737525,1865.32473497821
89800,449,1.98654549819437,0.526297562987917,0.268049841737525,1865.32473497821
89900,449.5,2.01573575618655,0.470056869501672,0.268049841737525,1865.32473497821
90000,450,1.98399271641277,0.518246135861128,0.268049841737525,1865.32473497821
90100,450.5,1.98755900663979,0.418365678148203,0.268049841737525,1865.32473497821
90200,451,1.95436915104402,0.530524109969696,0.268049841737525,1865.32473497821
90300,451.5,1.97998950700249,0.547124501288415,0.268049841737525,1865.32473497821
90400,452,2.04734260989412,0.506062354379123,0.268049841737525,1865.32473497821
90500,452.5,2.09502182599505,0.540373876286821,0.268049841737525,1865.32473497821
90600,453,2.16242273528869,0.546341824128086,0.268049841737525,1865.32473497821
90700,453.5,2.11868716793916,0.514186935982208,0.268049841737525,1865.32473497821
90800,454,2.04256492030599,0.492595731111789,0.268049841737525,1865.32473497821
90900,454.5,1.93874839203628,0.567255944762939,0.268049841737525,1865.32473497821
91000,455,1.96155178330531,0.488756624680752,0.268049841737525,1865.32473497821
91100,455.5,1.93459268544629,0.512071652357657,0.268049841737525,1865.32473497821
91200,456,1.96538722587275,0.620312505845277,0.268049841737525,1865.32473497821
91300,456.5,1.95159741143928,0.590091967484772,0.268049841737525,1865.32473497821
91400,457,2.01102047616522,0.511764120701683,0.268049841737525,1865.32473497821
91500,457.5,1.96767586033539,0.625799833633462,0.268049841737525,1865.32473497821
91600,458,2.10111092993545,0.494175068598387,0.268049841737525,1865.32473497821
91700,458.5,2.08847120795529,0.496864863595779,0.268049841737525,1865.32473497821
91800,459,2.1007721437389,0.506163794341003,0.268049841737525,1865.32473497821
91900,459.5,2.03307328969768,0.590205088735812,0.268049841737525,1865.32473497821
92000,460,2.01551978985893,0.481806692355294,0.268049841737525,1865.32473497821
92100,460.5,1.88381894505834,0.499964087666235,0.268049841737525,1865.32473497821
92200,461,1.86467155071695,0.467488366567688,0.268049841737525,1865.32473497821
92300,461.5,1.97097558225184,0.500414241850336,0.268049841737525,1865.32473497821
92400,462,2.00382740869404,0.456857813307226,0.268049841737525,1865.32473497821
92500,462.5,2.08223498344252,0.452639901777363,0.268049841737525,1865.32473497821
92600,463,2.09793797317195,0.518542048314596,0.268049841737525,1865.32473497821
92700,463.5,2.04755740060168,0.631235247599491,0.268049841737525,1865.32473497821
92800,464,2.04131696269194,0.425910093963064,0.268049841737525,1865.32473497821
92900,464.5,2.00129912696277,0.503150597980463,0.268049841737525,1865.32473497821
93000,465,1.97247435680211,0.636055082513593,0.268049841737525,1865.32473497821
93100,465.5,1.95524563550365,0.528828072974261,0.268049841737525,1865.32473497821
93200,466,2.0085926628302,0.499266442565322,0.268049841737525,1865.32473497821
93300,466.5,2.03202988587246,0.4817932335352,0.268049841737525,1865.32473497821
93400,467,2.00746681934243,0.50337435238966,0.268049841737525,1865.32473497821
93500,467.5,1.9742638304236,0.563472575484575,0.268049841737525,1865.32473497821
93600,468,1.97852187613568,0.583332415410402,0.268049841737525,1865.32473497821
93700,468.5,2.00951845486062,0.504918810853887,0.268049841737525,1865.32473497821
93800,469,2.04063285190602,0.515215956303986,0.268049841737525,1865.32473497821
93900,469.5,2.07169901660699,0.482549794515294,0.268049841737525,1865.32473497821
94000,470,2.02606460396469,0.544087529885366,0.268049841737525,1865.32473497821
94100,470.5,2.0257650925267,0.412816840833827,0.268049841737525,1865.32473497821
94200,471,1.9493878760219,0.513663557415662,0.268049841737525,1865.32473497821
94300,471.5,1.91704435720193,0.505586766836929,0.268049841737525,1865.32473497821
94400,472,1.95243118587993,0.341675999335286,0.268049841737525,1865.32473497821
94500,472.5,1.92124811983247,0.497473128325605,0.268049841737525,1865.32473497821
94600,473,1.98379243499077,0.506759702173923,0.268049841737525,1865.32473497821
94700,473.5,2.09663440595142,0.58964158880481,0.268049841737525,1865.32473497821
94800,474,2.13750238301165,0.586491032089511,0.268049841737525,1865.32473497821
94900,474.5,2.06260561500657,0.521163209788546,0.268049841737525,1865.32473497821
95000,475,2.02000056828805,0.502182883531839,0.268049841737525,1865.32473497821
95100,475.5,1.96454451567532,0.497502873811846,0.268049841737525,1865.32473497821
95200,476,1.95547128521428,0.604141446780605,0.268049841737525,1865.32473497821
95300,476.5,1.96412551106702,0.496192070797588,0.268049841737525,1865.32473497821
95400,477,1.96543212148833,0.511436005825374,0.268049841737525,1865.32473497821
95500,477.5,1.98941917534599,0.502550541828026,0.268049841737525,1865.32473497821
95600,478,2.06130935629028,0.471390735259143,0.268049841737525,1865.32473497821
95700,478.5,2.18836045732107,0.476307617754501,0.268049841737525,1865.32473497821
95800,479,2.23078404428383,0.555812594719364,0.268049841737525,1865.32473497821
95900,479.5,2.18305734846792,0.493335738637203,0.268049841737525,1865.32473497821
96000,480,2.06759691068059,0.442079323563492,0.268049841737525,1865.32473497821
96100,480.5,1.99922924562606,0.457024206432903,0.268049841737525,1865.32473497821
96200,481,1.90233091182501,0.51901633801113,0.268049841737525,1865.32473497821
96300,481.5,1.96412229568252,0.442025905857121,0.268049841737525,1865.32473497821
96400,482,2.02379229774516,0.486437958026608,0.268049841737525,1865.32473497821
96500,482.5,2.0314067423944,0.521913207286912,0.268049841737525,1865.32473497821
96600,483,2.07970936516485,0.584025661920931,0.268049841737525,1865.32473497821
96700,483.5,2.0940894312829,0.530221274574401,0.268049841737525,1865.32473497821
96800,484,2.04442673621207,0.477806002697305,0.268049841737525,1865.32473497821
96900,484.5,1.93117730745485,0.503539405687617,0.268049841737525,1865.32473497821
97000,485,1.8581153043171,0.513669641962957,0.268049841737525,1865.32473497821
97100,485.5,1.88167289212623,0.426566371211673,0.268049841737525,1865.32473497821
97200,486,1.91115510250997,0.491511085657897,0.268049841737525,1865.32473497821
97300,486.5,1.9819377615869,0.438805565093648,0.268049841737525,1865.32473497821
97400,487,2.0589579597182,0.465010274836849,0.268049841737525,1865.32473497821
97500,487.5,2.04621951796768,0.546639907070558,0.268049841737525,1865.32473497821
97600,488,2.00365315660682,0.615342338845481,0.268049841737525,1865.32473497821
97700,488.5,1.99078555482776,0.557792626371241,0.268049841737525,1865.32473497821
97800,489,1.9416430878612,0.52788979928619,0.268049841737525,1865.32473497821
97900,489.5,1.93517595976011,0.446448092375852,0.268049841737525,1865.32473497821
98000,490,1.89123999459926,0.439192124083962,0.268049841737525,1865.32473497821
98100,490.5,1.8135379021696,0.44265759060841,0.268049841737525,1865.32473497821
98200,491,1.83802135005044,0.460698671220294,0.268049841737525,1865.32473497821
98300,491.5,1.97943451397394,0.445836339899151,0.268049841737525,1865.32473497821
98400,492,2.0189066427148,0.583316679261675,0.268049841737525,1865.32473497821
98500,492.5,2.06794139208211,0.425354132716965,0.268049841737525,1865.32473497821
98600,493,2.00173404841366,0.61343022348043,0.268049841737525,1865.32473497821
98700,493.5,2.01465683053012,0.509485556958784,0.268049841737525,1865.32473497821
98800,494,2.01990557922825,0.528476237947743,0.268049841737525,1865.32473497821
98900,494.5,1.94807953476041,0.499787938324227,0.268049841737525,1865.32473497821
99000,495,1.90457576041808,0.465382628957476,0.268049841737525,1865.32473497821
99100,495.5,1.91836637873424,0.475328863802551,0.268049841737525,1865.32473497821
99200,496,1.94824410379035,0.484818225218608,0.268049841737525,1865.32473497821
99300,496.5,2.02255335716621,0.540406864301747,0.268049841737525,1865.32473497821
99400,497,2.11638069641738,0.525955565051773,0.268049841737525,1865.32473497821
99500,497.5,2.12789432394471,0.545789131978236,0.268049841737525,1865.32473497821
99600,498,2.06327741282155,0.531637261836134,0.268049841737525,1865.32473497821
99700,498.5,1.9940617088966,0.498458916954788,0.268049841737525,1865.32473497821
99800,499,1.94803996044163,0.553174384958399,0.268049841737525,1865.32473497821
99900,499.5,1.93499228809831,0.512703287329845,0.268049841737525,1865.32473497821
100000,500,1.91272180196906,0.487441310709001,0.268049841737525,1865.32473497821
